source,freq_ghz,dataset,preferred,window,start_frac,end_frac,duration_ns,slope_nj_per_s,background_slope_nj_per_s,corrected_slope_nj_per_s,r2,n_points,delta_e_aj,data_path
srcX,100.0,srcX_02ns,True,00_100,0.0,1.0,0.2,42.29025770576727,0.016614866149376545,42.27364283961789,0.9708637991606426,201,7.4531166,/mnt/d/Research/Hopfion/20260105_frustrated_fm/spin_wave_dynamics/freq_sweep/plane_wave/srcX/02ns/sw_f100GHz.out/table.txt
srcX,100.0,srcX_02ns,True,10_100,0.1,1.0,0.2,41.52006555529854,0.019204727045225918,41.50086082825331,0.9603576749697069,181,6.653718199999999,/mnt/d/Research/Hopfion/20260105_frustrated_fm/spin_wave_dynamics/freq_sweep/plane_wave/srcX/02ns/sw_f100GHz.out/table.txt
srcX,100.0,srcX_02ns,True,20_100,0.2,1.0,0.2,39.62951725670549,0.009915232723355077,39.61960202398213,0.9464656087774013,161,5.831726699999999,/mnt/d/Research/Hopfion/20260105_frustrated_fm/spin_wave_dynamics/freq_sweep/plane_wave/srcX/02ns/sw_f100GHz.out/table.txt
srcX,100.0,srcX_02ns,True,30_100,0.3,1.0,0.2,35.99440027440217,0.0024053129798822922,35.991994961422286,0.9340088805440082,141,4.778309999999999,/mnt/d/Research/Hopfion/20260105_frustrated_fm/spin_wave_dynamics/freq_sweep/plane_wave/srcX/02ns/sw_f100GHz.out/table.txt
srcX,100.0,srcX_02ns,True,40_100,0.4,1.0,0.2,31.321569442171427,-0.001892966313059807,31.323462408484488,0.9217349749603847,121,3.6440495,/mnt/d/Research/Hopfion/20260105_frustrated_fm/spin_wave_dynamics/freq_sweep/plane_wave/srcX/02ns/sw_f100GHz.out/table.txt
srcX,100.0,srcX_02ns,True,50_100,0.5,1.0,0.2,25.921403374090122,-0.003781098058550842,25.925184472148672,0.9050825683001648,101,2.5330789999999994,/mnt/d/Research/Hopfion/20260105_frustrated_fm/spin_wave_dynamics/freq_sweep/plane_wave/srcX/02ns/sw_f100GHz.out/table.txt
srcX,200.0,srcX_02ns,True,00_100,0.0,1.0,0.2,42.68684369566843,0.016614866149376545,42.670228829519054,0.9927629090498599,201,8.0091462,/mnt/d/Research/Hopfion/20260105_frustrated_fm/spin_wave_dynamics/freq_sweep/plane_wave/srcX/02ns/sw_f200GHz.out/table.txt
srcX,200.0,srcX_02ns,True,10_100,0.1,1.0,0.2,42.5670792756755,0.019204727045225918,42.547874548630276,0.9901466493849926,181,7.227120099999999,/mnt/d/Research/Hopfion/20260105_frustrated_fm/spin_wave_dynamics/freq_sweep/plane_wave/srcX/02ns/sw_f200GHz.out/table.txt
srcX,200.0,srcX_02ns,True,20_100,0.2,1.0,0.2,41.419992580022615,0.009915232723355077,41.41007734729926,0.9879343468704788,161,6.421301999999999,/mnt/d/Research/Hopfion/20260105_frustrated_fm/spin_wave_dynamics/freq_sweep/plane_wave/srcX/02ns/sw_f200GHz.out/table.txt
srcX,200.0,srcX_02ns,True,30_100,0.3,1.0,0.2,39.81403346979119,0.0024053129798822922,39.81162815681131,0.9856553741504638,141,5.369550599999999,/mnt/d/Research/Hopfion/20260105_frustrated_fm/spin_wave_dynamics/freq_sweep/plane_wave/srcX/02ns/sw_f200GHz.out/table.txt
srcX,200.0,srcX_02ns,True,40_100,0.4,1.0,0.2,37.59577930079337,-0.001892966313059807,37.597672267106425,0.9843231744704699,121,4.424821999999999,/mnt/d/Research/Hopfion/20260105_frustrated_fm/spin_wave_dynamics/freq_sweep/plane_wave/srcX/02ns/sw_f200GHz.out/table.txt
srcX,200.0,srcX_02ns,True,50_100,0.5,1.0,0.2,34.896908198572625,-0.003781098058550842,34.90068929663118,0.9835177170759719,101,3.4679665999999996,/mnt/d/Research/Hopfion/20260105_frustrated_fm/spin_wave_dynamics/freq_sweep/plane_wave/srcX/02ns/sw_f200GHz.out/table.txt
srcX,300.0,srcX_02ns,False,00_100,0.0,1.0,0.2,1.4623991298802377,0.016614866149376545,1.445784263730861,0.06340949592016276,201,1.2880354999999999,/mnt/d/Research/Hopfion/20260105_frustrated_fm/spin_wave_dynamics/freq_sweep/plane_wave/srcX/02ns/sw_f300GHz.out/table.txt
srcX,300.0,srcX_02ns,False,10_100,0.1,1.0,0.2,-1.2244752083228898,0.019204727045225918,-1.2436799353681158,0.09204768623909709,181,0.43393169999999975,/mnt/d/Research/Hopfion/20260105_frustrated_fm/spin_wave_dynamics/freq_sweep/plane_wave/srcX/02ns/sw_f300GHz.out/table.txt
srcX,300.0,srcX_02ns,False,20_100,0.2,1.0,0.2,-2.3701283719399937,0.009915232723355077,-2.380043604663349,0.28635191830488926,161,-0.2847215,/mnt/d/Research/Hopfion/20260105_frustrated_fm/spin_wave_dynamics/freq_sweep/plane_wave/srcX/02ns/sw_f300GHz.out/table.txt
srcX,300.0,srcX_02ns,False,30_100,0.3,1.0,0.2,-0.8961935280277473,0.0024053129798822922,-0.8985988410076297,0.05586857657659139,141,-0.5273309000000002,/mnt/d/Research/Hopfion/20260105_frustrated_fm/spin_wave_dynamics/freq_sweep/plane_wave/srcX/02ns/sw_f300GHz.out/table.txt
srcX,300.0,srcX_02ns,False,40_100,0.4,1.0,0.2,1.448383258099336,-0.001892966313059807,1.450276224412396,0.2679128879380669,121,-0.0696314,/mnt/d/Research/Hopfion/20260105_frustrated_fm/spin_wave_dynamics/freq_sweep/plane_wave/srcX/02ns/sw_f300GHz.out/table.txt
srcX,300.0,srcX_02ns,False,50_100,0.5,1.0,0.2,2.350339081897418,-0.003781098058550842,2.354120179955969,0.5043766841824489,101,0.12182699999999991,/mnt/d/Research/Hopfion/20260105_frustrated_fm/spin_wave_dynamics/freq_sweep/plane_wave/srcX/02ns/sw_f300GHz.out/table.txt
srcX,300.0,srcX_05ns,True,00_100,0.0,1.0,0.49900137457126054,-0.1439902651569747,0.005315112917653493,-0.14930537807462818,0.009172993548831165,500,1.200259,/mnt/d/Research/Hopfion/20260105_frustrated_fm/spin_wave_dynamics/freq_sweep/plane_wave/srcX/05ns/sw_f300GHz.out/table.txt
srcX,300.0,srcX_05ns,True,10_100,0.1,1.0,0.49900137457126054,-0.5562803627850387,0.002772266093196028,-0.5590526288782347,0.31506018001385894,450,-0.5344364000000003,/mnt/d/Research/Hopfion/20260105_frustrated_fm/spin_wave_dynamics/freq_sweep/plane_wave/srcX/05ns/sw_f300GHz.out/table.txt
srcX,300.0,srcX_05ns,True,20_100,0.2,1.0,0.49900137457126054,-0.2487606943363437,0.002094920876264422,-0.25085561521260813,0.2233127882165843,400,0.034050800000000055,/mnt/d/Research/Hopfion/20260105_frustrated_fm/spin_wave_dynamics/freq_sweep/plane_wave/srcX/05ns/sw_f300GHz.out/table.txt
srcX,300.0,srcX_05ns,True,30_100,0.3,1.0,0.49900137457126054,-0.43599007618818986,0.002449880744652873,-0.4384399569328427,0.6529713732025126,350,-0.12264920000000004,/mnt/d/Research/Hopfion/20260105_frustrated_fm/spin_wave_dynamics/freq_sweep/plane_wave/srcX/05ns/sw_f300GHz.out/table.txt
srcX,300.0,srcX_05ns,True,40_100,0.4,1.0,0.49900137457126054,-0.2485860037550665,0.0020323817378846473,-0.2506183854929512,0.6174320154414853,300,-0.08792220000000023,/mnt/d/Research/Hopfion/20260105_frustrated_fm/spin_wave_dynamics/freq_sweep/plane_wave/srcX/05ns/sw_f300GHz.out/table.txt
srcX,300.0,srcX_05ns,True,50_100,0.5,1.0,0.49900137457126054,-0.2492787168792766,0.0006325777244673759,-0.24991129460374398,0.567133062678677,250,-0.02760410000000015,/mnt/d/Research/Hopfion/20260105_frustrated_fm/spin_wave_dynamics/freq_sweep/plane_wave/srcX/05ns/sw_f300GHz.out/table.txt
srcX,400.0,srcX_02ns,False,00_100,0.0,1.0,0.2,1.914738775309907,0.016614866149376545,1.8981239091605304,0.3774796927998514,201,0.7614573999999998,/mnt/d/Research/Hopfion/20260105_frustrated_fm/spin_wave_dynamics/freq_sweep/plane_wave/srcX/02ns/sw_f400GHz.out/table.txt
srcX,400.0,srcX_02ns,False,10_100,0.1,1.0,0.2,0.9593738834542617,0.019204727045225918,0.9401691564090358,0.1699739202791538,181,0.3837363999999998,/mnt/d/Research/Hopfion/20260105_frustrated_fm/spin_wave_dynamics/freq_sweep/plane_wave/srcX/02ns/sw_f400GHz.out/table.txt
srcX,400.0,srcX_02ns,False,20_100,0.2,1.0,0.2,-0.02746594416671829,0.009915232723355077,-0.037381176890073364,0.00026476499083205596,161,0.16932419999999984,/mnt/d/Research/Hopfion/20260105_frustrated_fm/spin_wave_dynamics/freq_sweep/plane_wave/srcX/02ns/sw_f400GHz.out/table.txt
srcX,400.0,srcX_02ns,False,30_100,0.3,1.0,0.2,-0.8683905359252581,0.0024053129798822922,-0.8707958489051404,0.3020517556221446,141,-0.0967320000000002,/mnt/d/Research/Hopfion/20260105_frustrated_fm/spin_wave_dynamics/freq_sweep/plane_wave/srcX/02ns/sw_f400GHz.out/table.txt
srcX,400.0,srcX_02ns,False,40_100,0.4,1.0,0.2,-1.4777603626032305,-0.001892966313059807,-1.4758673962901707,0.6416966010920325,121,-0.05006970000000014,/mnt/d/Research/Hopfion/20260105_frustrated_fm/spin_wave_dynamics/freq_sweep/plane_wave/srcX/02ns/sw_f400GHz.out/table.txt
srcX,400.0,srcX_02ns,False,50_100,0.5,1.0,0.2,-1.8280201251674424,-0.003781098058550842,-1.8242390271088915,0.7266552985220052,101,-0.17727670000000018,/mnt/d/Research/Hopfion/20260105_frustrated_fm/spin_wave_dynamics/freq_sweep/plane_wave/srcX/02ns/sw_f400GHz.out/table.txt
srcX,400.0,srcX_05ns,True,00_100,0.0,1.0,0.4990014381372225,0.1316288955447499,0.005315112917653493,0.12631378262709642,0.027291799994363042,500,0.7300394000000001,/mnt/d/Research/Hopfion/20260105_frustrated_fm/spin_wave_dynamics/freq_sweep/plane_wave/srcX/05ns/sw_f400GHz.out/table.txt
srcX,400.0,srcX_05ns,True,10_100,0.1,1.0,0.4990014381372225,-0.2676778163735747,0.002772266093196028,-0.2704500824667707,0.3686902414478298,450,0.08294000000000008,/mnt/d/Research/Hopfion/20260105_frustrated_fm/spin_wave_dynamics/freq_sweep/plane_wave/srcX/05ns/sw_f400GHz.out/table.txt
srcX,400.0,srcX_05ns,True,20_100,0.2,1.0,0.4990014381372225,-0.26412691754566286,0.002094920876264422,-0.26622183842192726,0.3937327163654809,400,-0.2086944999999999,/mnt/d/Research/Hopfion/20260105_frustrated_fm/spin_wave_dynamics/freq_sweep/plane_wave/srcX/05ns/sw_f400GHz.out/table.txt
srcX,400.0,srcX_05ns,True,30_100,0.3,1.0,0.4990014381372225,-0.0792415441202751,0.002449880744652873,-0.08169142486492798,0.1546847637619969,350,-0.03840029999999982,/mnt/d/Research/Hopfion/20260105_frustrated_fm/spin_wave_dynamics/freq_sweep/plane_wave/srcX/05ns/sw_f400GHz.out/table.txt
srcX,400.0,srcX_05ns,True,40_100,0.4,1.0,0.4990014381372225,-0.005873609763517781,0.0020323817378846473,-0.007905991501402428,0.0019363929819447012,300,-0.03148610000000011,/mnt/d/Research/Hopfion/20260105_frustrated_fm/spin_wave_dynamics/freq_sweep/plane_wave/srcX/05ns/sw_f400GHz.out/table.txt
srcX,400.0,srcX_05ns,True,50_100,0.5,1.0,0.4990014381372225,-0.047622310026581086,0.0006325777244673759,-0.04825488775104846,0.12158927412592957,250,0.018098599999999916,/mnt/d/Research/Hopfion/20260105_frustrated_fm/spin_wave_dynamics/freq_sweep/plane_wave/srcX/05ns/sw_f400GHz.out/table.txt
srcX,500.0,srcX_02ns,True,00_100,0.0,1.0,0.2,1.1560622208544644,0.016614866149376545,1.1394473547050878,0.2542218072104122,201,0.8462741,/mnt/d/Research/Hopfion/20260105_frustrated_fm/spin_wave_dynamics/freq_sweep/plane_wave/srcX/02ns/sw_f500GHz.out/table.txt
srcX,500.0,srcX_02ns,True,10_100,0.1,1.0,0.2,0.32871207201850045,0.019204727045225918,0.30950734497327453,0.08802357698260854,181,0.1674807,/mnt/d/Research/Hopfion/20260105_frustrated_fm/spin_wave_dynamics/freq_sweep/plane_wave/srcX/02ns/sw_f500GHz.out/table.txt
srcX,500.0,srcX_02ns,True,20_100,0.2,1.0,0.2,0.31137158423028194,0.009915232723355077,0.30145635150692685,0.06647777220572737,161,0.11756490000000017,/mnt/d/Research/Hopfion/20260105_frustrated_fm/spin_wave_dynamics/freq_sweep/plane_wave/srcX/02ns/sw_f500GHz.out/table.txt
srcX,500.0,srcX_02ns,True,30_100,0.3,1.0,0.2,-0.15939754098455788,0.0024053129798822922,-0.16180285396444016,0.02364509082801791,141,-0.0002883000000000788,/mnt/d/Research/Hopfion/20260105_frustrated_fm/spin_wave_dynamics/freq_sweep/plane_wave/srcX/02ns/sw_f500GHz.out/table.txt
srcX,500.0,srcX_02ns,True,40_100,0.4,1.0,0.2,-0.10617499254552472,-0.001892966313059807,-0.10428202623246491,0.009351345259335453,121,0.022100400000000173,/mnt/d/Research/Hopfion/20260105_frustrated_fm/spin_wave_dynamics/freq_sweep/plane_wave/srcX/02ns/sw_f500GHz.out/table.txt
srcX,500.0,srcX_02ns,True,50_100,0.5,1.0,0.2,0.10293732387404167,-0.003781098058550842,0.10671842193259251,0.009127720960210972,101,0.017905400000000096,/mnt/d/Research/Hopfion/20260105_frustrated_fm/spin_wave_dynamics/freq_sweep/plane_wave/srcX/02ns/sw_f500GHz.out/table.txt
srcX,600.0,srcX_02ns,True,00_100,0.0,1.0,0.2,0.7827262393470013,0.016614866149376545,0.7661113731976247,0.3621238447960712,201,0.5033384999999999,/mnt/d/Research/Hopfion/20260105_frustrated_fm/spin_wave_dynamics/freq_sweep/plane_wave/srcX/02ns/sw_f600GHz.out/table.txt
srcX,600.0,srcX_02ns,True,10_100,0.1,1.0,0.2,0.49399852400780603,0.019204727045225918,0.4747937969625801,0.2416732380869724,181,0.1720725,/mnt/d/Research/Hopfion/20260105_frustrated_fm/spin_wave_dynamics/freq_sweep/plane_wave/srcX/02ns/sw_f600GHz.out/table.txt
srcX,600.0,srcX_02ns,True,20_100,0.2,1.0,0.2,0.34501711571617993,0.009915232723355077,0.33510188299282484,0.12317850263540331,161,0.12453430000000004,/mnt/d/Research/Hopfion/20260105_frustrated_fm/spin_wave_dynamics/freq_sweep/plane_wave/srcX/02ns/sw_f600GHz.out/table.txt
srcX,600.0,srcX_02ns,True,30_100,0.3,1.0,0.2,0.2359522957222836,0.0024053129798822922,0.23354698274240132,0.05527829166841769,141,-0.003148999999999967,/mnt/d/Research/Hopfion/20260105_frustrated_fm/spin_wave_dynamics/freq_sweep/plane_wave/srcX/02ns/sw_f600GHz.out/table.txt
srcX,600.0,srcX_02ns,True,40_100,0.4,1.0,0.2,0.11041300989625638,-0.001892966313059807,0.11230597620931619,0.011360413980514017,121,0.0961602999999999,/mnt/d/Research/Hopfion/20260105_frustrated_fm/spin_wave_dynamics/freq_sweep/plane_wave/srcX/02ns/sw_f600GHz.out/table.txt
srcX,600.0,srcX_02ns,True,50_100,0.5,1.0,0.2,0.06045103945205995,-0.003781098058550842,0.0642321375106108,0.00291136953554616,101,-0.017744400000000115,/mnt/d/Research/Hopfion/20260105_frustrated_fm/spin_wave_dynamics/freq_sweep/plane_wave/srcX/02ns/sw_f600GHz.out/table.txt
srcX,700.0,srcX_02ns,True,00_100,0.0,1.0,0.2,0.9459871790732126,0.016614866149376545,0.929372312923836,0.27259180069416233,201,0.6687621999999998,/mnt/d/Research/Hopfion/20260105_frustrated_fm/spin_wave_dynamics/freq_sweep/plane_wave/srcX/02ns/sw_f700GHz.out/table.txt
srcX,700.0,srcX_02ns,True,10_100,0.1,1.0,0.2,0.4761442709942929,0.019204727045225918,0.456939543949067,0.15151217210445722,181,0.17867089999999974,/mnt/d/Research/Hopfion/20260105_frustrated_fm/spin_wave_dynamics/freq_sweep/plane_wave/srcX/02ns/sw_f700GHz.out/table.txt
srcX,700.0,srcX_02ns,True,20_100,0.2,1.0,0.2,-0.002959968841557359,0.009915232723355077,-0.012875201564912436,1.0021843004026643e-05,161,0.09865399999999983,/mnt/d/Research/Hopfion/20260105_frustrated_fm/spin_wave_dynamics/freq_sweep/plane_wave/srcX/02ns/sw_f700GHz.out/table.txt
srcX,700.0,srcX_02ns,True,30_100,0.3,1.0,0.2,-0.04432760969658504,0.0024053129798822922,-0.04673292267646733,0.001909313252111411,141,-0.033228600000000316,/mnt/d/Research/Hopfion/20260105_frustrated_fm/spin_wave_dynamics/freq_sweep/plane_wave/srcX/02ns/sw_f700GHz.out/table.txt
srcX,700.0,srcX_02ns,True,40_100,0.4,1.0,0.2,-0.10739265451165865,-0.001892966313059807,-0.10549968819859884,0.01052519142838515,121,0.03313899999999988,/mnt/d/Research/Hopfion/20260105_frustrated_fm/spin_wave_dynamics/freq_sweep/plane_wave/srcX/02ns/sw_f700GHz.out/table.txt
srcX,700.0,srcX_02ns,True,50_100,0.5,1.0,0.2,-0.23119720116263062,-0.003781098058550842,-0.22741610310407978,0.04194935464316607,101,-0.03030600000000029,/mnt/d/Research/Hopfion/20260105_frustrated_fm/spin_wave_dynamics/freq_sweep/plane_wave/srcX/02ns/sw_f700GHz.out/table.txt
srcX,800.0,srcX_02ns,True,00_100,0.0,1.0,0.2,0.7770414632780985,0.016614866149376545,0.760426597128722,0.19122211485163354,201,0.6572157999999999,/mnt/d/Research/Hopfion/20260105_frustrated_fm/spin_wave_dynamics/freq_sweep/plane_wave/srcX/02ns/sw_f800GHz.out/table.txt
srcX,800.0,srcX_02ns,True,10_100,0.1,1.0,0.2,0.09847642636535149,0.019204727045225918,0.07927169932012557,0.010370036971129148,181,0.11144929999999989,/mnt/d/Research/Hopfion/20260105_frustrated_fm/spin_wave_dynamics/freq_sweep/plane_wave/srcX/02ns/sw_f800GHz.out/table.txt
srcX,800.0,srcX_02ns,True,20_100,0.2,1.0,0.2,0.20744585649982603,0.009915232723355077,0.19753062377647096,0.03896275495600576,161,0.018218799999999938,/mnt/d/Research/Hopfion/20260105_frustrated_fm/spin_wave_dynamics/freq_sweep/plane_wave/srcX/02ns/sw_f800GHz.out/table.txt
srcX,800.0,srcX_02ns,True,30_100,0.3,1.0,0.2,0.314030897087854,0.0024053129798822922,0.3116255841079717,0.07578068798095239,141,0.004820200000000082,/mnt/d/Research/Hopfion/20260105_frustrated_fm/spin_wave_dynamics/freq_sweep/plane_wave/srcX/02ns/sw_f800GHz.out/table.txt
srcX,800.0,srcX_02ns,True,40_100,0.4,1.0,0.2,0.011962660809960682,-0.001892966313059807,0.013855627123020488,0.00011459854633133482,121,0.10710339999999999,/mnt/d/Research/Hopfion/20260105_frustrated_fm/spin_wave_dynamics/freq_sweep/plane_wave/srcX/02ns/sw_f800GHz.out/table.txt
srcX,800.0,srcX_02ns,True,50_100,0.5,1.0,0.2,-0.017455471007224277,-0.003781098058550842,-0.013674372948673436,0.00020143119683757593,101,-0.045431999999999945,/mnt/d/Research/Hopfion/20260105_frustrated_fm/spin_wave_dynamics/freq_sweep/plane_wave/srcX/02ns/sw_f800GHz.out/table.txt
srcX,900.0,srcX_02ns,False,00_100,0.0,1.0,0.2,2.9145063317144597,0.016614866149376545,2.8978914655650834,0.604899397442717,201,0.9079314999999999,/mnt/d/Research/Hopfion/20260105_frustrated_fm/spin_wave_dynamics/freq_sweep/plane_wave/srcX/02ns/sw_f900GHz.out/table.txt
srcX,900.0,srcX_02ns,False,10_100,0.1,1.0,0.2,1.996874785660642,0.019204727045225918,1.977670058615416,0.4893357996949629,181,0.5388238,/mnt/d/Research/Hopfion/20260105_frustrated_fm/spin_wave_dynamics/freq_sweep/plane_wave/srcX/02ns/sw_f900GHz.out/table.txt
srcX,900.0,srcX_02ns,False,20_100,0.2,1.0,0.2,1.041454495833803,0.009915232723355077,1.0315392631104479,0.2938696341449253,161,0.3284800999999998,/mnt/d/Research/Hopfion/20260105_frustrated_fm/spin_wave_dynamics/freq_sweep/plane_wave/srcX/02ns/sw_f900GHz.out/table.txt
srcX,900.0,srcX_02ns,False,30_100,0.3,1.0,0.2,0.2545068241866317,0.0024053129798822922,0.2521015112067494,0.0368304821474732,141,0.06102429999999983,/mnt/d/Research/Hopfion/20260105_frustrated_fm/spin_wave_dynamics/freq_sweep/plane_wave/srcX/02ns/sw_f900GHz.out/table.txt
srcX,900.0,srcX_02ns,False,40_100,0.4,1.0,0.2,-0.35404906557638494,-0.001892966313059807,-0.35215609926332514,0.0935686465260297,121,0.08414699999999997,/mnt/d/Research/Hopfion/20260105_frustrated_fm/spin_wave_dynamics/freq_sweep/plane_wave/srcX/02ns/sw_f900GHz.out/table.txt
srcX,900.0,srcX_02ns,False,50_100,0.5,1.0,0.2,-0.7733764489137742,-0.003781098058550842,-0.7695953508552233,0.3429755606569884,101,-0.07185240000000002,/mnt/d/Research/Hopfion/20260105_frustrated_fm/spin_wave_dynamics/freq_sweep/plane_wave/srcX/02ns/sw_f900GHz.out/table.txt
srcX,900.0,srcX_05ns,True,00_100,0.0,1.0,0.49900232295780256,0.3531087277341472,0.005315112917653493,0.3477936148164937,0.1276704218485284,500,0.8359756999999999,/mnt/d/Research/Hopfion/20260105_frustrated_fm/spin_wave_dynamics/freq_sweep/plane_wave/srcX/05ns/sw_f900GHz.out/table.txt
srcX,900.0,srcX_05ns,True,10_100,0.1,1.0,0.49900232295780256,-0.14589972929718512,0.002772266093196028,-0.14867199539038115,0.1598767170130948,450,0.1797914999999999,/mnt/d/Research/Hopfion/20260105_frustrated_fm/spin_wave_dynamics/freq_sweep/plane_wave/srcX/05ns/sw_f900GHz.out/table.txt
srcX,900.0,srcX_05ns,True,20_100,0.2,1.0,0.49900232295780256,-0.2748611663479185,0.002094920876264422,-0.2769560872241829,0.6936075014205585,400,-0.1438087000000001,/mnt/d/Research/Hopfion/20260105_frustrated_fm/spin_wave_dynamics/freq_sweep/plane_wave/srcX/05ns/sw_f900GHz.out/table.txt
srcX,900.0,srcX_05ns,True,30_100,0.3,1.0,0.49900232295780256,-0.20665256554748784,0.002449880744652873,-0.20910244629214073,0.6963462493681958,350,-0.050711300000000153,/mnt/d/Research/Hopfion/20260105_frustrated_fm/spin_wave_dynamics/freq_sweep/plane_wave/srcX/05ns/sw_f900GHz.out/table.txt
srcX,900.0,srcX_05ns,True,40_100,0.4,1.0,0.49900232295780256,-0.17355205727888115,0.0020323817378846473,-0.1755844390167658,0.7403312538837737,300,-0.07210020000000024,/mnt/d/Research/Hopfion/20260105_frustrated_fm/spin_wave_dynamics/freq_sweep/plane_wave/srcX/05ns/sw_f900GHz.out/table.txt
srcX,900.0,srcX_05ns,True,50_100,0.5,1.0,0.49900232295780256,-0.18401592985025728,0.0006325777244673759,-0.18464850757472465,0.7979892312335624,250,-0.02244779999999998,/mnt/d/Research/Hopfion/20260105_frustrated_fm/spin_wave_dynamics/freq_sweep/plane_wave/srcX/05ns/sw_f900GHz.out/table.txt
srcX,1000.0,srcX_02ns,False,00_100,0.0,1.0,0.2,35.40878013576613,0.016614866149376545,35.392165269616754,0.8102349535605837,201,6.6364996,/mnt/d/Research/Hopfion/20260105_frustrated_fm/spin_wave_dynamics/freq_sweep/plane_wave/srcX/02ns/sw_f1000GHz.out/table.txt
srcX,1000.0,srcX_02ns,False,10_100,0.1,1.0,0.2,29.69499193235021,0.019204727045225918,29.675787205304985,0.7583279723536789,181,5.537654399999999,/mnt/d/Research/Hopfion/20260105_frustrated_fm/spin_wave_dynamics/freq_sweep/plane_wave/srcX/02ns/sw_f1000GHz.out/table.txt
srcX,1000.0,srcX_02ns,False,20_100,0.2,1.0,0.2,22.335860933437615,0.009915232723355077,22.32594570071426,0.6995267581022679,161,3.9638529999999994,/mnt/d/Research/Hopfion/20260105_frustrated_fm/spin_wave_dynamics/freq_sweep/plane_wave/srcX/02ns/sw_f1000GHz.out/table.txt
srcX,1000.0,srcX_02ns,False,30_100,0.3,1.0,0.2,14.749325436799213,0.0024053129798822922,14.746920123819331,0.6099371735546176,141,2.293364999999999,/mnt/d/Research/Hopfion/20260105_frustrated_fm/spin_wave_dynamics/freq_sweep/plane_wave/srcX/02ns/sw_f1000GHz.out/table.txt
srcX,1000.0,srcX_02ns,False,40_100,0.4,1.0,0.2,7.781030350338941,-0.001892966313059807,7.782923316652001,0.4264280341619079,121,1.1285382999999996,/mnt/d/Research/Hopfion/20260105_frustrated_fm/spin_wave_dynamics/freq_sweep/plane_wave/srcX/02ns/sw_f1000GHz.out/table.txt
srcX,1000.0,srcX_02ns,False,50_100,0.5,1.0,0.2,1.7186940543406308,-0.003781098058550842,1.7224751523991817,0.06110295466619775,101,0.3107199999999989,/mnt/d/Research/Hopfion/20260105_frustrated_fm/spin_wave_dynamics/freq_sweep/plane_wave/srcX/02ns/sw_f1000GHz.out/table.txt
srcX,1000.0,srcX_05ns,True,00_100,0.0,1.0,0.49900010171920717,6.4026267716405805,0.005315112917653493,6.397311658722927,0.3198053156773899,500,6.2371185,/mnt/d/Research/Hopfion/20260105_frustrated_fm/spin_wave_dynamics/freq_sweep/plane_wave/srcX/05ns/sw_f1000GHz.out/table.txt
srcX,1000.0,srcX_05ns,True,10_100,0.1,1.0,0.49900010171920717,1.3469041851959065,0.002772266093196028,1.3441319191027106,0.07739284793631063,450,2.7440336,/mnt/d/Research/Hopfion/20260105_frustrated_fm/spin_wave_dynamics/freq_sweep/plane_wave/srcX/05ns/sw_f1000GHz.out/table.txt
srcX,1000.0,srcX_05ns,True,20_100,0.2,1.0,0.49900010171920717,-1.1954801189609636,0.002094920876264422,-1.197575039837228,0.2696788280783463,400,-0.0886610000000007,/mnt/d/Research/Hopfion/20260105_frustrated_fm/spin_wave_dynamics/freq_sweep/plane_wave/srcX/05ns/sw_f1000GHz.out/table.txt
srcX,1000.0,srcX_05ns,True,30_100,0.3,1.0,0.49900010171920717,-1.3616601129235073,0.002449880744652873,-1.3641099936681602,0.275545289702129,350,-0.916128000000001,/mnt/d/Research/Hopfion/20260105_frustrated_fm/spin_wave_dynamics/freq_sweep/plane_wave/srcX/05ns/sw_f1000GHz.out/table.txt
srcX,1000.0,srcX_05ns,True,40_100,0.4,1.0,0.49900010171920717,-1.0194675879183412,0.0020323817378846473,-1.021499969656226,0.12851714715647766,300,-0.39972100000000005,/mnt/d/Research/Hopfion/20260105_frustrated_fm/spin_wave_dynamics/freq_sweep/plane_wave/srcX/05ns/sw_f1000GHz.out/table.txt
srcX,1000.0,srcX_05ns,True,50_100,0.5,1.0,0.49900010171920717,-2.172777284073154,0.0006325777244673759,-2.173409861797621,0.34496671642120735,250,-0.3631305000000005,/mnt/d/Research/Hopfion/20260105_frustrated_fm/spin_wave_dynamics/freq_sweep/plane_wave/srcX/05ns/sw_f1000GHz.out/table.txt
srcZ,25.0,srcZ,True,00_100,0.0,1.0,0.49900080800137037,14.782993579518315,0.005315112917653493,14.777678466600662,0.7484673084469053,500,7.0563555,/mnt/d/Research/Hopfion/20260105_frustrated_fm/spin_wave_dynamics/freq_sweep/plane_wave/srcZ/sw_srcZ_fine_f25GHz.out/table.txt
srcZ,25.0,srcZ,True,10_100,0.1,1.0,0.49900080800137037,11.879864944903536,0.002772266093196028,11.87709267881034,0.6700381308942485,450,5.4549376,/mnt/d/Research/Hopfion/20260105_frustrated_fm/spin_wave_dynamics/freq_sweep/plane_wave/srcZ/sw_srcZ_fine_f25GHz.out/table.txt
srcZ,25.0,srcZ,True,20_100,0.2,1.0,0.49900080800137037,8.56967457706899,0.002094920876264422,8.567579656192727,0.5453285512597243,400,3.457878,/mnt/d/Research/Hopfion/20260105_frustrated_fm/spin_wave_dynamics/freq_sweep/plane_wave/srcZ/sw_srcZ_fine_f25GHz.out/table.txt
srcZ,25.0,srcZ,True,30_100,0.3,1.0,0.49900080800137037,4.962606603514063,0.002449880744652873,4.96015672276941,0.32395138194769457,350,2.1156081999999996,/mnt/d/Research/Hopfion/20260105_frustrated_fm/spin_wave_dynamics/freq_sweep/plane_wave/srcZ/sw_srcZ_fine_f25GHz.out/table.txt
srcZ,25.0,srcZ,True,40_100,0.4,1.0,0.49900080800137037,1.088864109700462,0.0020323817378846473,1.0868317279625774,0.029078637103412408,300,0.5804160000000003,/mnt/d/Research/Hopfion/20260105_frustrated_fm/spin_wave_dynamics/freq_sweep/plane_wave/srcZ/sw_srcZ_fine_f25GHz.out/table.txt
srcZ,25.0,srcZ,True,50_100,0.5,1.0,0.49900080800137037,-2.8572549358920303,0.0006325777244673759,-2.8578875136164976,0.21808497783125047,250,-0.1413790000000009,/mnt/d/Research/Hopfion/20260105_frustrated_fm/spin_wave_dynamics/freq_sweep/plane_wave/srcZ/sw_srcZ_fine_f25GHz.out/table.txt
srcZ,50.0,srcZ,True,00_100,0.0,1.0,0.49900090787608303,1.945785850874142,0.005315112917653493,1.9404707379564885,0.26995860446651854,500,2.5535555999999997,/mnt/d/Research/Hopfion/20260105_frustrated_fm/spin_wave_dynamics/freq_sweep/plane_wave/srcZ/sw_srcZ_fine_f50GHz.out/table.txt
srcZ,50.0,srcZ,True,10_100,0.1,1.0,0.49900090787608303,0.3338173576328923,0.002772266093196028,0.33104509153969625,0.03432510153977575,450,0.6294212999999997,/mnt/d/Research/Hopfion/20260105_frustrated_fm/spin_wave_dynamics/freq_sweep/plane_wave/srcZ/sw_srcZ_fine_f50GHz.out/table.txt
srcZ,50.0,srcZ,True,20_100,0.2,1.0,0.49900090787608303,0.5242703758250523,0.002094920876264422,0.5221754549487879,0.07213075369770794,400,-0.3567893,/mnt/d/Research/Hopfion/20260105_frustrated_fm/spin_wave_dynamics/freq_sweep/plane_wave/srcZ/sw_srcZ_fine_f50GHz.out/table.txt
srcZ,50.0,srcZ,True,30_100,0.3,1.0,0.49900090787608303,1.128337933075112,0.002449880744652873,1.125888052330459,0.2508074011040802,350,0.2195805999999999,/mnt/d/Research/Hopfion/20260105_frustrated_fm/spin_wave_dynamics/freq_sweep/plane_wave/srcZ/sw_srcZ_fine_f50GHz.out/table.txt
srcZ,50.0,srcZ,True,40_100,0.4,1.0,0.49900090787608303,0.32846776897210234,0.0020323817378846473,0.32643538723421767,0.025629712181757802,300,0.4106292000000001,/mnt/d/Research/Hopfion/20260105_frustrated_fm/spin_wave_dynamics/freq_sweep/plane_wave/srcZ/sw_srcZ_fine_f50GHz.out/table.txt
srcZ,50.0,srcZ,True,50_100,0.5,1.0,0.49900090787608303,-1.1126227141742926,0.0006325777244673759,-1.11325529189876,0.39401376924646736,250,0.03685199999999972,/mnt/d/Research/Hopfion/20260105_frustrated_fm/spin_wave_dynamics/freq_sweep/plane_wave/srcZ/sw_srcZ_fine_f50GHz.out/table.txt
srcZ,75.0,srcZ,True,00_100,0.0,1.0,0.4990020005566535,-0.1172694180934803,0.005315112917653493,-0.12258453101113378,0.021467352314008314,500,0.8068926,/mnt/d/Research/Hopfion/20260105_frustrated_fm/spin_wave_dynamics/freq_sweep/plane_wave/srcZ/sw_srcZ_fine_f75GHz.out/table.txt
srcZ,75.0,srcZ,True,10_100,0.1,1.0,0.4990020005566535,-0.3848579219034652,0.002772266093196028,-0.3876301879966612,0.40122777627497963,450,-0.1537932000000003,/mnt/d/Research/Hopfion/20260105_frustrated_fm/spin_wave_dynamics/freq_sweep/plane_wave/srcZ/sw_srcZ_fine_f75GHz.out/table.txt
srcZ,75.0,srcZ,True,20_100,0.2,1.0,0.4990020005566535,-0.15500273133306924,0.002094920876264422,-0.15709765220933367,0.22810605876701417,400,-0.09320000000000002,/mnt/d/Research/Hopfion/20260105_frustrated_fm/spin_wave_dynamics/freq_sweep/plane_wave/srcZ/sw_srcZ_fine_f75GHz.out/table.txt
srcZ,75.0,srcZ,True,30_100,0.3,1.0,0.4990020005566535,-0.17517288186074675,0.002449880744652873,-0.17762276260539964,0.23411145524087362,350,0.010215599999999925,/mnt/d/Research/Hopfion/20260105_frustrated_fm/spin_wave_dynamics/freq_sweep/plane_wave/srcZ/sw_srcZ_fine_f75GHz.out/table.txt
srcZ,75.0,srcZ,True,40_100,0.4,1.0,0.4990020005566535,-0.04169692065645047,0.0020323817378846473,-0.04372930239433512,0.031385656000372464,300,-0.046314700000000195,/mnt/d/Research/Hopfion/20260105_frustrated_fm/spin_wave_dynamics/freq_sweep/plane_wave/srcZ/sw_srcZ_fine_f75GHz.out/table.txt
srcZ,75.0,srcZ,True,50_100,0.5,1.0,0.4990020005566535,-0.007319174520116917,0.0006325777244673759,-0.007951752244584293,0.0009239675833779826,250,0.04387549999999984,/mnt/d/Research/Hopfion/20260105_frustrated_fm/spin_wave_dynamics/freq_sweep/plane_wave/srcZ/sw_srcZ_fine_f75GHz.out/table.txt
srcZ,100.0,srcZ,True,00_100,0.0,1.0,0.4990000112016562,7.549720696381415,0.005315112917653493,7.544405583463762,0.32669338193334063,500,6.078841400000001,/mnt/d/Research/Hopfion/20260105_frustrated_fm/spin_wave_dynamics/freq_sweep/plane_wave/srcZ/sw_srcZ_f100GHz.out/table.txt
srcZ,100.0,srcZ,True,10_100,0.1,1.0,0.4990000112016562,2.597215800801989,0.002772266093196028,2.594443534708793,0.08773921051008515,450,4.0270554,/mnt/d/Research/Hopfion/20260105_frustrated_fm/spin_wave_dynamics/freq_sweep/plane_wave/srcZ/sw_srcZ_f100GHz.out/table.txt
srcZ,100.0,srcZ,True,20_100,0.2,1.0,0.4990000112016562,-2.2021881516759465,0.002094920876264422,-2.204283072552211,0.20949041978962424,400,1.142318200000001,/mnt/d/Research/Hopfion/20260105_frustrated_fm/spin_wave_dynamics/freq_sweep/plane_wave/srcZ/sw_srcZ_f100GHz.out/table.txt
srcZ,100.0,srcZ,True,30_100,0.3,1.0,0.4990000112016562,-4.674174936157541,0.002449880744652873,-4.676624816902193,0.8512102408731482,350,-1.0885919999999998,/mnt/d/Research/Hopfion/20260105_frustrated_fm/spin_wave_dynamics/freq_sweep/plane_wave/srcZ/sw_srcZ_f100GHz.out/table.txt
srcZ,100.0,srcZ,True,40_100,0.4,1.0,0.4990000112016562,-4.158613280130084,0.0020323817378846473,-4.160645661867969,0.8036843490651613,300,-1.450115499999999,/mnt/d/Research/Hopfion/20260105_frustrated_fm/spin_wave_dynamics/freq_sweep/plane_wave/srcZ/sw_srcZ_f100GHz.out/table.txt
srcZ,100.0,srcZ,True,50_100,0.5,1.0,0.4990000112016562,-2.6566945051765485,0.0006325777244673759,-2.657327082901016,0.8191867097083847,250,-0.8231019999999989,/mnt/d/Research/Hopfion/20260105_frustrated_fm/spin_wave_dynamics/freq_sweep/plane_wave/srcZ/sw_srcZ_f100GHz.out/table.txt
srcZ,125.0,srcZ,True,00_100,0.0,1.0,0.49900021477226403,-0.07170752766182292,0.005315112917653493,-0.07702264057947641,0.0017088761051575752,500,1.0263245000000003,/mnt/d/Research/Hopfion/20260105_frustrated_fm/spin_wave_dynamics/freq_sweep/plane_wave/srcZ/sw_srcZ_fine_f125GHz.out/table.txt
srcZ,125.0,srcZ,True,10_100,0.1,1.0,0.49900021477226403,-1.020424356969022,0.002772266093196028,-1.0231966230622178,0.699370518155852,450,-0.025405399999999863,/mnt/d/Research/Hopfion/20260105_frustrated_fm/spin_wave_dynamics/freq_sweep/plane_wave/srcZ/sw_srcZ_fine_f125GHz.out/table.txt
srcZ,125.0,srcZ,True,20_100,0.2,1.0,0.49900021477226403,-1.2500577961266721,0.002094920876264422,-1.2521527170029365,0.8465313820806359,400,-0.6244862,/mnt/d/Research/Hopfion/20260105_frustrated_fm/spin_wave_dynamics/freq_sweep/plane_wave/srcZ/sw_srcZ_fine_f125GHz.out/table.txt
srcZ,125.0,srcZ,True,30_100,0.3,1.0,0.49900021477226403,-1.17093300078007,0.002449880744652873,-1.173382881524723,0.7825447591549092,350,-0.3919923999999997,/mnt/d/Research/Hopfion/20260105_frustrated_fm/spin_wave_dynamics/freq_sweep/plane_wave/srcZ/sw_srcZ_fine_f125GHz.out/table.txt
srcZ,125.0,srcZ,True,40_100,0.4,1.0,0.49900021477226403,-1.3762220412965191,0.0020323817378846473,-1.3782544230344038,0.8068511015404822,300,-0.3413837,/mnt/d/Research/Hopfion/20260105_frustrated_fm/spin_wave_dynamics/freq_sweep/plane_wave/srcZ/sw_srcZ_fine_f125GHz.out/table.txt
srcZ,125.0,srcZ,True,50_100,0.5,1.0,0.49900021477226403,-1.8140555254174142,0.0006325777244673759,-1.8146881031418816,0.9176316992500775,250,-0.30526979999999976,/mnt/d/Research/Hopfion/20260105_frustrated_fm/spin_wave_dynamics/freq_sweep/plane_wave/srcZ/sw_srcZ_fine_f125GHz.out/table.txt
srcZ,150.0,srcZ,True,00_100,0.0,1.0,0.49900185296583704,0.05850045565676485,0.005315112917653493,0.05318534273911136,0.01053408116050869,500,0.7097574,/mnt/d/Research/Hopfion/20260105_frustrated_fm/spin_wave_dynamics/freq_sweep/plane_wave/srcZ/sw_srcZ_fine_f150GHz.out/table.txt
srcZ,150.0,srcZ,True,10_100,0.1,1.0,0.49900185296583704,-0.1611578766561233,0.002772266093196028,-0.16393014274931933,0.2590426480626712,450,0.07236949999999996,/mnt/d/Research/Hopfion/20260105_frustrated_fm/spin_wave_dynamics/freq_sweep/plane_wave/srcZ/sw_srcZ_fine_f150GHz.out/table.txt
srcZ,150.0,srcZ,True,20_100,0.2,1.0,0.49900185296583704,-0.21541739672783847,0.002094920876264422,-0.2175123176041029,0.5375861830373725,400,-0.06657120000000005,/mnt/d/Research/Hopfion/20260105_frustrated_fm/spin_wave_dynamics/freq_sweep/plane_wave/srcZ/sw_srcZ_fine_f150GHz.out/table.txt
srcZ,150.0,srcZ,True,30_100,0.3,1.0,0.49900185296583704,-0.2331452007318685,0.002449880744652873,-0.2355950814765214,0.6292010963847869,350,-0.015939800000000108,/mnt/d/Research/Hopfion/20260105_frustrated_fm/spin_wave_dynamics/freq_sweep/plane_wave/srcZ/sw_srcZ_fine_f150GHz.out/table.txt
srcZ,150.0,srcZ,True,40_100,0.4,1.0,0.49900185296583704,-0.19007972965991693,0.0020323817378846473,-0.19211211139780157,0.6165704841421296,300,-0.0828234000000001,/mnt/d/Research/Hopfion/20260105_frustrated_fm/spin_wave_dynamics/freq_sweep/plane_wave/srcZ/sw_srcZ_fine_f150GHz.out/table.txt
srcZ,150.0,srcZ,True,50_100,0.5,1.0,0.49900185296583704,-0.12247759403410889,0.0006325777244673759,-0.12311017175857626,0.4609692343350156,250,-0.010480599999999979,/mnt/d/Research/Hopfion/20260105_frustrated_fm/spin_wave_dynamics/freq_sweep/plane_wave/srcZ/sw_srcZ_fine_f150GHz.out/table.txt
srcZ,175.0,srcZ,True,00_100,0.0,1.0,0.499000603471262,0.30249687841403483,0.005315112917653493,0.2971817654963813,0.01293079448439749,500,1.8337632,/mnt/d/Research/Hopfion/20260105_frustrated_fm/spin_wave_dynamics/freq_sweep/plane_wave/srcZ/sw_srcZ_fine_f175GHz.out/table.txt
srcZ,175.0,srcZ,True,10_100,0.1,1.0,0.499000603471262,-1.0787923773629355,0.002772266093196028,-1.0815646434561315,0.46616804426151504,450,0.0948769000000002,/mnt/d/Research/Hopfion/20260105_frustrated_fm/spin_wave_dynamics/freq_sweep/plane_wave/srcZ/sw_srcZ_fine_f175GHz.out/table.txt
srcZ,175.0,srcZ,True,20_100,0.2,1.0,0.499000603471262,-0.8862252007692593,0.002094920876264422,-0.8883201216455237,0.3750534014588691,400,-0.6686117000000003,/mnt/d/Research/Hopfion/20260105_frustrated_fm/spin_wave_dynamics/freq_sweep/plane_wave/srcZ/sw_srcZ_fine_f175GHz.out/table.txt
srcZ,175.0,srcZ,True,30_100,0.3,1.0,0.499000603471262,-0.2345894723194555,0.002449880744652873,-0.2370393530641084,0.10550085255307706,350,-0.19342799999999988,/mnt/d/Research/Hopfion/20260105_frustrated_fm/spin_wave_dynamics/freq_sweep/plane_wave/srcZ/sw_srcZ_fine_f175GHz.out/table.txt
srcZ,175.0,srcZ,True,40_100,0.4,1.0,0.499000603471262,-0.28312949150763006,0.0020323817378846473,-0.28516187324551473,0.1184140793068551,300,0.03650580000000025,/mnt/d/Research/Hopfion/20260105_frustrated_fm/spin_wave_dynamics/freq_sweep/plane_wave/srcZ/sw_srcZ_fine_f175GHz.out/table.txt
srcZ,175.0,srcZ,True,50_100,0.5,1.0,0.499000603471262,-0.7645207565354434,0.0006325777244673759,-0.7651533342599107,0.5800974043636177,250,-0.06956620000000009,/mnt/d/Research/Hopfion/20260105_frustrated_fm/spin_wave_dynamics/freq_sweep/plane_wave/srcZ/sw_srcZ_fine_f175GHz.out/table.txt
srcZ,200.0,srcZ,True,00_100,0.0,1.0,0.4990018071031585,10.949519927145742,0.005315112917653493,10.944204814228089,0.45878054271832724,500,6.822676199999999,/mnt/d/Research/Hopfion/20260105_frustrated_fm/spin_wave_dynamics/freq_sweep/plane_wave/srcZ/sw_srcZ_f200GHz.out/table.txt
srcZ,200.0,srcZ,True,10_100,0.1,1.0,0.4990018071031585,6.141145238810606,0.002772266093196028,6.13837297271741,0.25818075898662574,450,4.738120799999999,/mnt/d/Research/Hopfion/20260105_frustrated_fm/spin_wave_dynamics/freq_sweep/plane_wave/srcZ/sw_srcZ_f200GHz.out/table.txt
srcZ,200.0,srcZ,True,20_100,0.2,1.0,0.4990018071031585,0.8796147481999707,0.002094920876264422,0.8775198273237063,0.012827301690053527,400,2.3197659999999996,/mnt/d/Research/Hopfion/20260105_frustrated_fm/spin_wave_dynamics/freq_sweep/plane_wave/srcZ/sw_srcZ_f200GHz.out/table.txt
srcZ,200.0,srcZ,True,30_100,0.3,1.0,0.4990018071031585,-3.879785726419799,0.002449880744652873,-3.8822356071644517,0.4710144884398487,350,0.0698550000000003,/mnt/d/Research/Hopfion/20260105_frustrated_fm/spin_wave_dynamics/freq_sweep/plane_wave/srcZ/sw_srcZ_f200GHz.out/table.txt
srcZ,200.0,srcZ,True,40_100,0.4,1.0,0.4990018071031585,-6.649653315054603,0.0020323817378846473,-6.651685696792487,0.9693899977631252,300,-1.4709579999999998,/mnt/d/Research/Hopfion/20260105_frustrated_fm/spin_wave_dynamics/freq_sweep/plane_wave/srcZ/sw_srcZ_f200GHz.out/table.txt
srcZ,200.0,srcZ,True,50_100,0.5,1.0,0.4990018071031585,-6.994429820057992,0.0006325777244673759,-6.99506239778246,0.9776467201711802,250,-1.6440700000000013,/mnt/d/Research/Hopfion/20260105_frustrated_fm/spin_wave_dynamics/freq_sweep/plane_wave/srcZ/sw_srcZ_f200GHz.out/table.txt
srcZ,300.0,srcZ,True,00_100,0.0,1.0,0.49900177973218746,-0.6811634145143508,0.005315112917653493,-0.6864785274320043,0.15871282769422623,500,1.0301527000000001,/mnt/d/Research/Hopfion/20260105_frustrated_fm/spin_wave_dynamics/freq_sweep/plane_wave/srcZ/sw_srcZ_f300GHz.out/table.txt
srcZ,300.0,srcZ,True,10_100,0.1,1.0,0.49900177973218746,-1.2150149981682286,0.002772266093196028,-1.2177872642614245,0.7207246254113217,450,-0.6782553999999998,/mnt/d/Research/Hopfion/20260105_frustrated_fm/spin_wave_dynamics/freq_sweep/plane_wave/srcZ/sw_srcZ_f300GHz.out/table.txt
srcZ,300.0,srcZ,True,20_100,0.2,1.0,0.49900177973218746,-1.039632651840835,0.002094920876264422,-1.0417275727170994,0.7189201233601477,400,-0.22153450000000005,/mnt/d/Research/Hopfion/20260105_frustrated_fm/spin_wave_dynamics/freq_sweep/plane_wave/srcZ/sw_srcZ_f300GHz.out/table.txt
srcZ,300.0,srcZ,True,30_100,0.3,1.0,0.49900177973218746,-1.1998051713812756,0.002449880744652873,-1.2022550521259285,0.7778400941923906,350,-0.3637108000000002,/mnt/d/Research/Hopfion/20260105_frustrated_fm/spin_wave_dynamics/freq_sweep/plane_wave/srcZ/sw_srcZ_f300GHz.out/table.txt
srcZ,300.0,srcZ,True,40_100,0.4,1.0,0.49900177973218746,-0.8241618464736321,0.0020323817378846473,-0.8261942282115168,0.7782332998068154,300,-0.21880210000000017,/mnt/d/Research/Hopfion/20260105_frustrated_fm/spin_wave_dynamics/freq_sweep/plane_wave/srcZ/sw_srcZ_f300GHz.out/table.txt
srcZ,300.0,srcZ,True,50_100,0.5,1.0,0.49900177973218746,-0.7064131626266841,0.0006325777244673759,-0.7070457403511514,0.6558612720360442,250,-0.13765760000000002,/mnt/d/Research/Hopfion/20260105_frustrated_fm/spin_wave_dynamics/freq_sweep/plane_wave/srcZ/sw_srcZ_f300GHz.out/table.txt
srcZ,400.0,srcZ,True,00_100,0.0,1.0,0.4990021800221821,-0.4360097187646275,0.005315112917653493,-0.44132483168228104,0.24532325169084057,500,0.4764505,/mnt/d/Research/Hopfion/20260105_frustrated_fm/spin_wave_dynamics/freq_sweep/plane_wave/srcZ/sw_srcZ_f400GHz.out/table.txt
srcZ,400.0,srcZ,True,10_100,0.1,1.0,0.4990021800221821,-0.8261952038504005,0.002772266093196028,-0.8289674699435965,0.87667708656905,450,-0.1467564000000001,/mnt/d/Research/Hopfion/20260105_frustrated_fm/spin_wave_dynamics/freq_sweep/plane_wave/srcZ/sw_srcZ_f400GHz.out/table.txt
srcZ,400.0,srcZ,True,20_100,0.2,1.0,0.4990021800221821,-0.8173488718951377,0.002094920876264422,-0.8194437927714021,0.8963270630877606,400,-0.4047546000000001,/mnt/d/Research/Hopfion/20260105_frustrated_fm/spin_wave_dynamics/freq_sweep/plane_wave/srcZ/sw_srcZ_f400GHz.out/table.txt
srcZ,400.0,srcZ,True,30_100,0.3,1.0,0.4990021800221821,-0.6765989923863021,0.002449880744652873,-0.679048873130955,0.9401181397858872,350,-0.21268740000000014,/mnt/d/Research/Hopfion/20260105_frustrated_fm/spin_wave_dynamics/freq_sweep/plane_wave/srcZ/sw_srcZ_f400GHz.out/table.txt
srcZ,400.0,srcZ,True,40_100,0.4,1.0,0.4990021800221821,-0.6191676244249025,0.0020323817378846473,-0.6212000061627871,0.9582302511603475,300,-0.19967710000000008,/mnt/d/Research/Hopfion/20260105_frustrated_fm/spin_wave_dynamics/freq_sweep/plane_wave/srcZ/sw_srcZ_f400GHz.out/table.txt
srcZ,400.0,srcZ,True,50_100,0.5,1.0,0.4990021800221821,-0.6282410541490306,0.0006325777244673759,-0.628873631873498,0.9658260209437697,250,-0.12332280000000002,/mnt/d/Research/Hopfion/20260105_frustrated_fm/spin_wave_dynamics/freq_sweep/plane_wave/srcZ/sw_srcZ_f400GHz.out/table.txt
srcZ,500.0,srcZ,True,00_100,0.0,1.0,0.4990010707242623,-0.39308217768393694,0.005315112917653493,-0.39839729060159046,0.2547532089750135,500,0.5610645000000001,/mnt/d/Research/Hopfion/20260105_frustrated_fm/spin_wave_dynamics/freq_sweep/plane_wave/srcZ/sw_srcZ_f500GHz.out/table.txt
srcZ,500.0,srcZ,True,10_100,0.1,1.0,0.4990010707242623,-0.6552844242859588,0.002772266093196028,-0.6580566903791548,0.8113875308629284,450,-0.07511719999999993,/mnt/d/Research/Hopfion/20260105_frustrated_fm/spin_wave_dynamics/freq_sweep/plane_wave/srcZ/sw_srcZ_f500GHz.out/table.txt
srcZ,500.0,srcZ,True,20_100,0.2,1.0,0.4990010707242623,-0.7333409553082977,0.002094920876264422,-0.7354358761845621,0.8961052913950958,400,-0.3010839999999998,/mnt/d/Research/Hopfion/20260105_frustrated_fm/spin_wave_dynamics/freq_sweep/plane_wave/srcZ/sw_srcZ_f500GHz.out/table.txt
srcZ,500.0,srcZ,True,30_100,0.3,1.0,0.4990010707242623,-0.7244264423142412,0.002449880744652873,-0.7268763230588942,0.8843316591662806,350,-0.25137480000000006,/mnt/d/Research/Hopfion/20260105_frustrated_fm/spin_wave_dynamics/freq_sweep/plane_wave/srcZ/sw_srcZ_f500GHz.out/table.txt
srcZ,500.0,srcZ,True,40_100,0.4,1.0,0.4990010707242623,-0.6857160108924993,0.0020323817378846473,-0.687748392630384,0.8580973080288044,300,-0.29595139999999975,/mnt/d/Research/Hopfion/20260105_frustrated_fm/spin_wave_dynamics/freq_sweep/plane_wave/srcZ/sw_srcZ_f500GHz.out/table.txt
srcZ,500.0,srcZ,True,50_100,0.5,1.0,0.4990010707242623,-0.6149882630900682,0.0006325777244673759,-0.6156208408145355,0.8244594183232354,250,-0.17760079999999975,/mnt/d/Research/Hopfion/20260105_frustrated_fm/spin_wave_dynamics/freq_sweep/plane_wave/srcZ/sw_srcZ_f500GHz.out/table.txt
srcZ,600.0,srcZ,True,00_100,0.0,1.0,0.49900202039423464,-0.02222367408134868,0.005315112917653493,-0.027538786999002175,0.0038988314476455788,500,0.38523299999999994,/mnt/d/Research/Hopfion/20260105_frustrated_fm/spin_wave_dynamics/freq_sweep/plane_wave/srcZ/sw_srcZ_f600GHz.out/table.txt
srcZ,600.0,srcZ,True,10_100,0.1,1.0,0.49900202039423464,-0.15551238892146735,0.002772266093196028,-0.15828465501466338,0.32250805690231865,450,0.018935299999999898,/mnt/d/Research/Hopfion/20260105_frustrated_fm/spin_wave_dynamics/freq_sweep/plane_wave/srcZ/sw_srcZ_f600GHz.out/table.txt
srcZ,600.0,srcZ,True,20_100,0.2,1.0,0.49900202039423464,-0.21852283508748813,0.002094920876264422,-0.22061775596375255,0.609582589830036,400,-0.13556689999999996,/mnt/d/Research/Hopfion/20260105_frustrated_fm/spin_wave_dynamics/freq_sweep/plane_wave/srcZ/sw_srcZ_f600GHz.out/table.txt
srcZ,600.0,srcZ,True,30_100,0.3,1.0,0.49900202039423464,-0.26215930296388756,0.002449880744652873,-0.2646091837085404,0.7837449206706629,350,-0.04228369999999998,/mnt/d/Research/Hopfion/20260105_frustrated_fm/spin_wave_dynamics/freq_sweep/plane_wave/srcZ/sw_srcZ_f600GHz.out/table.txt
srcZ,600.0,srcZ,True,40_100,0.4,1.0,0.49900202039423464,-0.3052606090372938,0.0020323817378846473,-0.30729299077517847,0.8879976787300992,300,-0.12285029999999997,/mnt/d/Research/Hopfion/20260105_frustrated_fm/spin_wave_dynamics/freq_sweep/plane_wave/srcZ/sw_srcZ_f600GHz.out/table.txt
srcZ,600.0,srcZ,True,50_100,0.5,1.0,0.49900202039423464,-0.32882149510836217,0.0006325777244673759,-0.32945407283282957,0.9323686992335865,250,-0.0749932,/mnt/d/Research/Hopfion/20260105_frustrated_fm/spin_wave_dynamics/freq_sweep/plane_wave/srcZ/sw_srcZ_f600GHz.out/table.txt
srcZ,700.0,srcZ,True,00_100,0.0,1.0,0.4990011122023603,-0.05175067657324312,0.005315112917653493,-0.057065789490896614,0.009053196228738791,500,0.5780488,/mnt/d/Research/Hopfion/20260105_frustrated_fm/spin_wave_dynamics/freq_sweep/plane_wave/srcZ/sw_srcZ_f700GHz.out/table.txt
srcZ,700.0,srcZ,True,10_100,0.1,1.0,0.4990011122023603,-0.29086200222149183,0.002772266093196028,-0.29363426831468786,0.6092893624241076,450,-0.037635900000000014,/mnt/d/Research/Hopfion/20260105_frustrated_fm/spin_wave_dynamics/freq_sweep/plane_wave/srcZ/sw_srcZ_f700GHz.out/table.txt
srcZ,700.0,srcZ,True,20_100,0.2,1.0,0.4990011122023603,-0.3734976162920042,0.002094920876264422,-0.37559253716826857,0.8364958267189158,400,-0.16741909999999996,/mnt/d/Research/Hopfion/20260105_frustrated_fm/spin_wave_dynamics/freq_sweep/plane_wave/srcZ/sw_srcZ_f700GHz.out/table.txt
srcZ,700.0,srcZ,True,30_100,0.3,1.0,0.4990011122023603,-0.4043859589287134,0.002449880744652873,-0.40683583967336623,0.9009538198456826,350,-0.08562929999999994,/mnt/d/Research/Hopfion/20260105_frustrated_fm/spin_wave_dynamics/freq_sweep/plane_wave/srcZ/sw_srcZ_f700GHz.out/table.txt
srcZ,700.0,srcZ,True,40_100,0.4,1.0,0.4990011122023603,-0.4117876182783445,0.0020323817378846473,-0.41382000001622915,0.9205492535059757,300,-0.1549177000000002,/mnt/d/Research/Hopfion/20260105_frustrated_fm/spin_wave_dynamics/freq_sweep/plane_wave/srcZ/sw_srcZ_f700GHz.out/table.txt
srcZ,700.0,srcZ,True,50_100,0.5,1.0,0.4990011122023603,-0.3872331039378036,0.0006325777244673759,-0.387865681662271,0.9280669971534405,250,-0.08706980000000004,/mnt/d/Research/Hopfion/20260105_frustrated_fm/spin_wave_dynamics/freq_sweep/plane_wave/srcZ/sw_srcZ_f700GHz.out/table.txt
srcZ,800.0,srcZ,True,00_100,0.0,1.0,0.49900037417729637,-0.30126831720384195,0.005315112917653493,-0.30658343012149547,0.27639331017133717,500,0.4681411999999999,/mnt/d/Research/Hopfion/20260105_frustrated_fm/spin_wave_dynamics/freq_sweep/plane_wave/srcZ/sw_srcZ_f800GHz.out/table.txt
srcZ,800.0,srcZ,True,10_100,0.1,1.0,0.49900037417729637,-0.44875966755498015,0.002772266093196028,-0.4515319336481762,0.8304672491261424,450,-0.14225790000000008,/mnt/d/Research/Hopfion/20260105_frustrated_fm/spin_wave_dynamics/freq_sweep/plane_wave/srcZ/sw_srcZ_f800GHz.out/table.txt
srcZ,800.0,srcZ,True,20_100,0.2,1.0,0.49900037417729637,-0.46018248238481907,0.002094920876264422,-0.46227740326108346,0.8732253761242998,400,-0.24179800000000015,/mnt/d/Research/Hopfion/20260105_frustrated_fm/spin_wave_dynamics/freq_sweep/plane_wave/srcZ/sw_srcZ_f800GHz.out/table.txt
srcZ,800.0,srcZ,True,30_100,0.3,1.0,0.49900037417729637,-0.4658314589093611,0.002449880744652873,-0.468281339654014,0.9082194339497014,350,-0.1276672000000001,/mnt/d/Research/Hopfion/20260105_frustrated_fm/spin_wave_dynamics/freq_sweep/plane_wave/srcZ/sw_srcZ_f800GHz.out/table.txt
srcZ,800.0,srcZ,True,40_100,0.4,1.0,0.49900037417729637,-0.43249054035706724,0.0020323817378846473,-0.4345229220949519,0.9159573737841455,300,-0.1694337000000001,/mnt/d/Research/Hopfion/20260105_frustrated_fm/spin_wave_dynamics/freq_sweep/plane_wave/srcZ/sw_srcZ_f800GHz.out/table.txt
srcZ,800.0,srcZ,True,50_100,0.5,1.0,0.49900037417729637,-0.3895879029262315,0.0006325777244673759,-0.3902204806506989,0.9267826328003287,250,-0.09541430000000008,/mnt/d/Research/Hopfion/20260105_frustrated_fm/spin_wave_dynamics/freq_sweep/plane_wave/srcZ/sw_srcZ_f800GHz.out/table.txt
srcZ,900.0,srcZ,True,00_100,0.0,1.0,0.49900244978761793,-0.21501900944732633,0.005315112917653493,-0.22033412236497982,0.0791341517900912,500,0.5213124000000001,/mnt/d/Research/Hopfion/20260105_frustrated_fm/spin_wave_dynamics/freq_sweep/plane_wave/srcZ/sw_srcZ_f900GHz.out/table.txt
srcZ,900.0,srcZ,True,10_100,0.1,1.0,0.49900244978761793,-0.592740701387256,0.002772266093196028,-0.595512967480452,0.8472701644837222,450,-0.10136429999999984,/mnt/d/Research/Hopfion/20260105_frustrated_fm/spin_wave_dynamics/freq_sweep/plane_wave/srcZ/sw_srcZ_f900GHz.out/table.txt
srcZ,900.0,srcZ,True,20_100,0.2,1.0,0.49900244978761793,-0.5924075335998419,0.002094920876264422,-0.5945024544761063,0.8878973858621894,400,-0.3299966999999998,/mnt/d/Research/Hopfion/20260105_frustrated_fm/spin_wave_dynamics/freq_sweep/plane_wave/srcZ/sw_srcZ_f900GHz.out/table.txt
srcZ,900.0,srcZ,True,30_100,0.3,1.0,0.49900244978761793,-0.5084260923943671,0.002449880744652873,-0.51087597313902,0.9253505702062669,350,-0.158939,/mnt/d/Research/Hopfion/20260105_frustrated_fm/spin_wave_dynamics/freq_sweep/plane_wave/srcZ/sw_srcZ_f900GHz.out/table.txt
srcZ,900.0,srcZ,True,40_100,0.4,1.0,0.49900244978761793,-0.5130515939168736,0.0020323817378846473,-0.5150839756547583,0.940880292294595,300,-0.17837659999999989,/mnt/d/Research/Hopfion/20260105_frustrated_fm/spin_wave_dynamics/freq_sweep/plane_wave/srcZ/sw_srcZ_f900GHz.out/table.txt
srcZ,900.0,srcZ,True,50_100,0.5,1.0,0.49900244978761793,-0.5592860065528596,0.0006325777244673759,-0.559918584277327,0.9695766225730058,250,-0.11468809999999997,/mnt/d/Research/Hopfion/20260105_frustrated_fm/spin_wave_dynamics/freq_sweep/plane_wave/srcZ/sw_srcZ_f900GHz.out/table.txt
srcZ,1000.0,srcZ,True,00_100,0.0,1.0,0.49900099476982174,6.669754025363757,0.005315112917653493,6.664438912446103,0.3595453346972949,500,5.728230999999999,/mnt/d/Research/Hopfion/20260105_frustrated_fm/spin_wave_dynamics/freq_sweep/plane_wave/srcZ/sw_srcZ_f1000GHz.out/table.txt
srcZ,1000.0,srcZ,True,10_100,0.1,1.0,0.49900099476982174,2.1771053872772472,0.002772266093196028,2.174333121184051,0.13312731715293524,450,2.4139363999999994,/mnt/d/Research/Hopfion/20260105_frustrated_fm/spin_wave_dynamics/freq_sweep/plane_wave/srcZ/sw_srcZ_f1000GHz.out/table.txt
srcZ,1000.0,srcZ,True,20_100,0.2,1.0,0.49900099476982174,-0.38778494016556614,0.002094920876264422,-0.38987986104183053,0.007642956487691865,400,0.3417704000000001,/mnt/d/Research/Hopfion/20260105_frustrated_fm/spin_wave_dynamics/freq_sweep/plane_wave/srcZ/sw_srcZ_f1000GHz.out/table.txt
srcZ,1000.0,srcZ,True,30_100,0.3,1.0,0.49900099476982174,-2.4903908422415206,0.002449880744652873,-2.4928407229861733,0.28529303054494715,350,-0.3113464000000008,/mnt/d/Research/Hopfion/20260105_frustrated_fm/spin_wave_dynamics/freq_sweep/plane_wave/srcZ/sw_srcZ_f1000GHz.out/table.txt
srcZ,1000.0,srcZ,True,40_100,0.4,1.0,0.49900099476982174,-4.771641566388842,0.0020323817378846473,-4.773673948126727,0.6925770148436086,300,-0.8257434000000001,/mnt/d/Research/Hopfion/20260105_frustrated_fm/spin_wave_dynamics/freq_sweep/plane_wave/srcZ/sw_srcZ_f1000GHz.out/table.txt
srcZ,1000.0,srcZ,True,50_100,0.5,1.0,0.49900099476982174,-7.009800292807644,0.0006325777244673759,-7.010432870532112,0.9083674464955442,250,-1.2040824,/mnt/d/Research/Hopfion/20260105_frustrated_fm/spin_wave_dynamics/freq_sweep/plane_wave/srcZ/sw_srcZ_f1000GHz.out/table.txt
srcZ,1100.0,srcZ,True,00_100,0.0,1.0,0.49900145153790815,4.461417058536337,0.005315112917653493,4.456101945618683,0.28217853291492,500,4.5619605000000005,/mnt/d/Research/Hopfion/20260105_frustrated_fm/spin_wave_dynamics/freq_sweep/plane_wave/srcZ/sw_srcZ_fine_f1100GHz.out/table.txt
srcZ,1100.0,srcZ,True,10_100,0.1,1.0,0.49900145153790815,0.8043422052302853,0.002772266093196028,0.8015699391370893,0.0357462469696429,450,1.7256305999999997,/mnt/d/Research/Hopfion/20260105_frustrated_fm/spin_wave_dynamics/freq_sweep/plane_wave/srcZ/sw_srcZ_fine_f1100GHz.out/table.txt
srcZ,1100.0,srcZ,True,20_100,0.2,1.0,0.49900145153790815,-1.2367910416167112,0.002094920876264422,-1.2388859624929756,0.1405530605527544,400,0.1069129999999996,/mnt/d/Research/Hopfion/20260105_frustrated_fm/spin_wave_dynamics/freq_sweep/plane_wave/srcZ/sw_srcZ_fine_f1100GHz.out/table.txt
srcZ,1100.0,srcZ,True,30_100,0.3,1.0,0.49900145153790815,-2.7941213200215262,0.002449880744652873,-2.796571200766179,0.5475772017847451,350,-0.42745100000000025,/mnt/d/Research/Hopfion/20260105_frustrated_fm/spin_wave_dynamics/freq_sweep/plane_wave/srcZ/sw_srcZ_fine_f1100GHz.out/table.txt
srcZ,1100.0,srcZ,True,40_100,0.4,1.0,0.49900145153790815,-4.149377082714537,0.0020323817378846473,-4.1514094644524215,0.777668397735578,300,-0.7659400000000004,/mnt/d/Research/Hopfion/20260105_frustrated_fm/spin_wave_dynamics/freq_sweep/plane_wave/srcZ/sw_srcZ_fine_f1100GHz.out/table.txt
srcZ,1100.0,srcZ,True,50_100,0.5,1.0,0.49900145153790815,-5.332513805937454,0.0006325777244673759,-5.333146383661922,0.8506374558840233,250,-0.9099013,/mnt/d/Research/Hopfion/20260105_frustrated_fm/spin_wave_dynamics/freq_sweep/plane_wave/srcZ/sw_srcZ_fine_f1100GHz.out/table.txt
srcZ,1200.0,srcZ,True,00_100,0.0,1.0,0.49900017300630745,-0.16972145832271726,0.005315112917653493,-0.17503657124037075,0.1516002206305117,500,0.3564416000000001,/mnt/d/Research/Hopfion/20260105_frustrated_fm/spin_wave_dynamics/freq_sweep/plane_wave/srcZ/sw_srcZ_fine_f1200GHz.out/table.txt
srcZ,1200.0,srcZ,True,10_100,0.1,1.0,0.49900017300630745,-0.3393807314532961,0.002772266093196028,-0.34215299754649214,0.7267149708092615,450,-0.05978649999999991,/mnt/d/Research/Hopfion/20260105_frustrated_fm/spin_wave_dynamics/freq_sweep/plane_wave/srcZ/sw_srcZ_fine_f1200GHz.out/table.txt
srcZ,1200.0,srcZ,True,20_100,0.2,1.0,0.49900017300630745,-0.3762270421401473,0.002094920876264422,-0.3783219630164117,0.822374816630569,400,-0.18215379999999995,/mnt/d/Research/Hopfion/20260105_frustrated_fm/spin_wave_dynamics/freq_sweep/plane_wave/srcZ/sw_srcZ_fine_f1200GHz.out/table.txt
srcZ,1200.0,srcZ,True,30_100,0.3,1.0,0.49900017300630745,-0.4164424403467741,0.002449880744652873,-0.41889232109142693,0.9016356027586256,350,-0.08084339999999991,/mnt/d/Research/Hopfion/20260105_frustrated_fm/spin_wave_dynamics/freq_sweep/plane_wave/srcZ/sw_srcZ_fine_f1200GHz.out/table.txt
srcZ,1200.0,srcZ,True,40_100,0.4,1.0,0.49900017300630745,-0.4408987792937716,0.0020323817378846473,-0.44293116103165625,0.9323112256480159,300,-0.15446899999999994,/mnt/d/Research/Hopfion/20260105_frustrated_fm/spin_wave_dynamics/freq_sweep/plane_wave/srcZ/sw_srcZ_fine_f1200GHz.out/table.txt
srcZ,1200.0,srcZ,True,50_100,0.5,1.0,0.49900017300630745,-0.43428979319592226,0.0006325777244673759,-0.43492237092038966,0.9434918498504716,250,-0.08764170000000004,/mnt/d/Research/Hopfion/20260105_frustrated_fm/spin_wave_dynamics/freq_sweep/plane_wave/srcZ/sw_srcZ_fine_f1200GHz.out/table.txt
srcZ,1300.0,srcZ,True,00_100,0.0,1.0,0.4990010981315609,0.13774331606821058,0.005315112917653493,0.1324282031505571,0.1208889370295162,500,0.5409834,/mnt/d/Research/Hopfion/20260105_frustrated_fm/spin_wave_dynamics/freq_sweep/plane_wave/srcZ/sw_srcZ_fine_f1300GHz.out/table.txt
srcZ,1300.0,srcZ,True,10_100,0.1,1.0,0.4990010981315609,0.031357749097830984,0.002772266093196028,0.028585483004634954,0.022750550633401367,450,0.11687260000000009,/mnt/d/Research/Hopfion/20260105_frustrated_fm/spin_wave_dynamics/freq_sweep/plane_wave/srcZ/sw_srcZ_fine_f1300GHz.out/table.txt
srcZ,1300.0,srcZ,True,20_100,0.2,1.0,0.4990010981315609,-0.016240933180746566,0.002094920876264422,-0.01833585405701099,0.01029944443157016,400,-0.059980900000000066,/mnt/d/Research/Hopfion/20260105_frustrated_fm/spin_wave_dynamics/freq_sweep/plane_wave/srcZ/sw_srcZ_fine_f1300GHz.out/table.txt
srcZ,1300.0,srcZ,True,30_100,0.3,1.0,0.4990010981315609,-0.034726278691131096,0.002449880744652873,-0.03717615943578397,0.07463681605575256,350,0.022712300000000085,/mnt/d/Research/Hopfion/20260105_frustrated_fm/spin_wave_dynamics/freq_sweep/plane_wave/srcZ/sw_srcZ_fine_f1300GHz.out/table.txt
srcZ,1300.0,srcZ,True,40_100,0.4,1.0,0.4990010981315609,-0.04686219359358826,0.0020323817378846473,-0.04889457533147291,0.17005654918083846,300,-0.05057660000000008,/mnt/d/Research/Hopfion/20260105_frustrated_fm/spin_wave_dynamics/freq_sweep/plane_wave/srcZ/sw_srcZ_fine_f1300GHz.out/table.txt
srcZ,1300.0,srcZ,True,50_100,0.5,1.0,0.4990010981315609,-0.05548685964254996,0.0006325777244673759,-0.056119437367017334,0.293407106674195,250,-0.007300900000000015,/mnt/d/Research/Hopfion/20260105_frustrated_fm/spin_wave_dynamics/freq_sweep/plane_wave/srcZ/sw_srcZ_fine_f1300GHz.out/table.txt
srcZ,1500.0,srcZ,True,00_100,0.0,1.0,0.49900072672937035,-0.5446583580643171,0.005315112917653493,-0.5499734709819706,0.37124584493618384,500,0.3922571,/mnt/d/Research/Hopfion/20260105_frustrated_fm/spin_wave_dynamics/freq_sweep/plane_wave/srcZ/sw_srcZ_fine_f1500GHz.out/table.txt
srcZ,1500.0,srcZ,True,10_100,0.1,1.0,0.49900072672937035,-0.8951226214365887,0.002772266093196028,-0.8978948875297847,0.9049971564400643,450,-0.23211699999999988,/mnt/d/Research/Hopfion/20260105_frustrated_fm/spin_wave_dynamics/freq_sweep/plane_wave/srcZ/sw_srcZ_fine_f1500GHz.out/table.txt
srcZ,1500.0,srcZ,True,20_100,0.2,1.0,0.49900072672937035,-0.9964186120502755,0.002094920876264422,-0.9985135329265399,0.9496451159685707,400,-0.38923629999999987,/mnt/d/Research/Hopfion/20260105_frustrated_fm/spin_wave_dynamics/freq_sweep/plane_wave/srcZ/sw_srcZ_fine_f1500GHz.out/table.txt
srcZ,1500.0,srcZ,True,30_100,0.3,1.0,0.49900072672937035,-1.0677768221958448,0.002449880744652873,-1.0702267029404977,0.9669449573841704,350,-0.27992499999999987,/mnt/d/Research/Hopfion/20260105_frustrated_fm/spin_wave_dynamics/freq_sweep/plane_wave/srcZ/sw_srcZ_fine_f1500GHz.out/table.txt
srcZ,1500.0,srcZ,True,40_100,0.4,1.0,0.49900072672937035,-1.0976617070791133,0.0020323817378846473,-1.099694088816998,0.9656525942492715,300,-0.32366349999999994,/mnt/d/Research/Hopfion/20260105_frustrated_fm/spin_wave_dynamics/freq_sweep/plane_wave/srcZ/sw_srcZ_fine_f1500GHz.out/table.txt
srcZ,1500.0,srcZ,True,50_100,0.5,1.0,0.49900072672937035,-1.072146676649791,0.0006325777244673759,-1.0727792543742583,0.9516525724883113,250,-0.2384163,/mnt/d/Research/Hopfion/20260105_frustrated_fm/spin_wave_dynamics/freq_sweep/plane_wave/srcZ/sw_srcZ_fine_f1500GHz.out/table.txt
