0, {'xnodes':, 100,, 'ynodes':, 100,, 'znodes':, 100,, 'valuedim':, 3}, {'xnodes':, 100,, 'ynodes':, 100,, 'znodes':, 100,, 'valuedim':, 3}, {'xnodes':, 100,, 'ynodes':, 100,, 'znodes':, 100,, 'valuedim':, 3}, {'xnodes':, 100,, 'ynodes':, 100,, 'znodes':, 100,, 'valuedim':, 3}, {'xnodes':, 100,, 'ynodes':, 100,, 'znodes':, 100,, 'valuedim':, 3}, {'xnodes':, 100,, 'ynodes':, 100,, 'znodes':, 100,, 'valuedim':, 3}, {'xnodes':, 100,, 'ynodes':, 100,, 'znodes':, 100,, 'valuedim':, 3}, {'xnodes':, 100,, 'ynodes':, 100,, 'znodes':, 100,, 'valuedim':, 3}, {'xnodes':, 100,, 'ynodes':, 100,, 'znodes':, 100,, 'valuedim':, 3,, 'xbase':, 2.5e-10}, {'xnodes':, 100,, 'ynodes':, 100,, 'znodes':, 100,, 'valuedim':, 3,, 'xbase':, 2.5e-10,, 'ybase':, 2.5e-10}, {'xnodes':, 100,, 'ynodes':, 100,, 'znodes':, 100,, 'valuedim':, 3,, 'xbase':, 2.5e-10,, 'ybase':, 2.5e-10,, 'zbase':, 2.5e-10}, {'xnodes':, 100,, 'ynodes':, 100,, 'znodes':, 100,, 'valuedim':, 3,, 'xbase':, 2.5e-10,, 'ybase':, 2.5e-10,, 'zbase':, 2.5e-10,, 'xstepsize':, 5e-10}, {'xnodes':, 100,, 'ynodes':, 100,, 'znodes':, 100,, 'valuedim':, 3,, 'xbase':, 2.5e-10,, 'ybase':, 2.5e-10,, 'zbase':, 2.5e-10,, 'xstepsize':, 5e-10,, 'ystepsize':, 5e-10}, {'xnodes':, 100,, 'ynodes':, 100,, 'znodes':, 100,, 'valuedim':, 3,, 'xbase':, 2.5e-10,, 'ybase':, 2.5e-10,, 'zbase':, 2.5e-10,, 'xstepsize':, 5e-10,, 'ystepsize':, 5e-10,, 'zstepsize':, 5e-10}, {'xnodes':, 100,, 'ynodes':, 100,, 'znodes':, 100,, 'valuedim':, 3,, 'xbase':, 2.5e-10,, 'ybase':, 2.5e-10,, 'zbase':, 2.5e-10,, 'xstepsize':, 5e-10,, 'ystepsize':, 5e-10,, 'zstepsize':, 5e-10,, 'xmin':, 0.0}, {'xnodes':, 100,, 'ynodes':, 100,, 'znodes':, 100,, 'valuedim':, 3,, 'xbase':, 2.5e-10,, 'ybase':, 2.5e-10,, 'zbase':, 2.5e-10,, 'xstepsize':, 5e-10,, 'ystepsize':, 5e-10,, 'zstepsize':, 5e-10,, 'xmin':, 0.0,, 'ymin':, 0.0}, {'xnodes':, 100,, 'ynodes':, 100,, 'znodes':, 100,, 'valuedim':, 3,, 'xbase':, 2.5e-10,, 'ybase':, 2.5e-10,, 'zbase':, 2.5e-10,, 'xstepsize':, 5e-10,, 'ystepsize':, 5e-10,, 'zstepsize':, 5e-10,, 'xmin':, 0.0,, 'ymin':, 0.0,, 'zmin':, 0.0}, {'xnodes':, 100,, 'ynodes':, 100,, 'znodes':, 100,, 'valuedim':, 3,, 'xbase':, 2.5e-10,, 'ybase':, 2.5e-10,, 'zbase':, 2.5e-10,, 'xstepsize':, 5e-10,, 'ystepsize':, 5e-10,, 'zstepsize':, 5e-10,, 'xmin':, 0.0,, 'ymin':, 0.0,, 'zmin':, 0.0,, 'xmax':, 5.0000000000000004e-08}, {'xnodes':, 100,, 'ynodes':, 100,, 'znodes':, 100,, 'valuedim':, 3,, 'xbase':, 2.5e-10,, 'ybase':, 2.5e-10,, 'zbase':, 2.5e-10,, 'xstepsize':, 5e-10,, 'ystepsize':, 5e-10,, 'zstepsize':, 5e-10,, 'xmin':, 0.0,, 'ymin':, 0.0,, 'zmin':, 0.0,, 'xmax':, 5.0000000000000004e-08,, 'ymax':, 5.0000000000000004e-08}, {'xnodes':, 100,, 'ynodes':, 100,, 'znodes':, 100,, 'valuedim':, 3,, 'xbase':, 2.5e-10,, 'ybase':, 2.5e-10,, 'zbase':, 2.5e-10,, 'xstepsize':, 5e-10,, 'ystepsize':, 5e-10,, 'zstepsize':, 5e-10,, 'xmin':, 0.0,, 'ymin':, 0.0,, 'zmin':, 0.0,, 'xmax':, 5.0000000000000004e-08,, 'ymax':, 5.0000000000000004e-08,, 'zmax':, 5.0000000000000004e-08}, {'xnodes':, 100,, 'ynodes':, 100,, 'znodes':, 100,, 'valuedim':, 3,, 'xbase':, 2.5e-10,, 'ybase':, 2.5e-10,, 'zbase':, 2.5e-10,, 'xstepsize':, 5e-10,, 'ystepsize':, 5e-10,, 'zstepsize':, 5e-10,, 'xmin':, 0.0,, 'ymin':, 0.0,, 'zmin':, 0.0,, 'xmax':, 5.0000000000000004e-08,, 'ymax':, 5.0000000000000004e-08,, 'zmax':, 5.0000000000000004e-08}, {'xnodes':, 100,, 'ynodes':, 100,, 'znodes':, 100,, 'valuedim':, 3,, 'xbase':, 2.5e-10,, 'ybase':, 2.5e-10,, 'zbase':, 2.5e-10,, 'xstepsize':, 5e-10,, 'ystepsize':, 5e-10,, 'zstepsize':, 5e-10,, 'xmin':, 0.0,, 'ymin':, 0.0,, 'zmin':, 0.0,, 'xmax':, 5.0000000000000004e-08,, 'ymax':, 5.0000000000000004e-08,, 'zmax':, 5.0000000000000004e-08}, {'xnodes':, 100,, 'ynodes':, 100,, 'znodes':, 100,, 'valuedim':, 3,, 'xbase':, 2.5e-10,, 'ybase':, 2.5e-10,, 'zbase':, 2.5e-10,, 'xstepsize':, 5e-10,, 'ystepsize':, 5e-10,, 'zstepsize':, 5e-10,, 'xmin':, 0.0,, 'ymin':, 0.0,, 'zmin':, 0.0,, 'xmax':, 5.0000000000000004e-08,, 'ymax':, 5.0000000000000004e-08,, 'zmax':, 5.0000000000000004e-08}, {'xnodes':, 100,, 'ynodes':, 100,, 'znodes':, 100,, 'valuedim':, 3,, 'xbase':, 2.5e-10,, 'ybase':, 2.5e-10,, 'zbase':, 2.5e-10,, 'xstepsize':, 5e-10,, 'ystepsize':, 5e-10,, 'zstepsize':, 5e-10,, 'xmin':, 0.0,, 'ymin':, 0.0,, 'zmin':, 0.0,, 'xmax':, 5.0000000000000004e-08,, 'ymax':, 5.0000000000000004e-08,, 'zmax':, 5.0000000000000004e-08}, {'xnodes':, 100,, 'ynodes':, 100,, 'znodes':, 100,, 'valuedim':, 3,, 'xbase':, 2.5e-10,, 'ybase':, 2.5e-10,, 'zbase':, 2.5e-10,, 'xstepsize':, 5e-10,, 'ystepsize':, 5e-10,, 'zstepsize':, 5e-10,, 'xmin':, 0.0,, 'ymin':, 0.0,, 'zmin':, 0.0,, 'xmax':, 5.0000000000000004e-08,, 'ymax':, 5.0000000000000004e-08,, 'zmax':, 5.0000000000000004e-08}, {'xnodes':, 100,, 'ynodes':, 100,, 'znodes':, 100,, 'valuedim':, 3,, 'xbase':, 2.5e-10,, 'ybase':, 2.5e-10,, 'zbase':, 2.5e-10,, 'xstepsize':, 5e-10,, 'ystepsize':, 5e-10,, 'zstepsize':, 5e-10,, 'xmin':, 0.0,, 'ymin':, 0.0,, 'zmin':, 0.0,, 'xmax':, 5.0000000000000004e-08,, 'ymax':, 5.0000000000000004e-08,, 'zmax':, 5.0000000000000004e-08}, {'xnodes':, 100,, 'ynodes':, 100,, 'znodes':, 100,, 'valuedim':, 3,, 'xbase':, 2.5e-10,, 'ybase':, 2.5e-10,, 'zbase':, 2.5e-10,, 'xstepsize':, 5e-10,, 'ystepsize':, 5e-10,, 'zstepsize':, 5e-10,, 'xmin':, 0.0,, 'ymin':, 0.0,, 'zmin':, 0.0,, 'xmax':, 5.0000000000000004e-08,, 'ymax':, 5.0000000000000004e-08,, 'zmax':, 5.0000000000000004e-08,, 'valuemultiplier':, 1.0}, {'xnodes':, 100,, 'ynodes':, 100,, 'znodes':, 100,, 'valuedim':, 3,, 'xbase':, 2.5e-10,, 'ybase':, 2.5e-10,, 'zbase':, 2.5e-10,, 'xstepsize':, 5e-10,, 'ystepsize':, 5e-10,, 'zstepsize':, 5e-10,, 'xmin':, 0.0,, 'ymin':, 0.0,, 'zmin':, 0.0,, 'xmax':, 5.0000000000000004e-08,, 'ymax':, 5.0000000000000004e-08,, 'zmax':, 5.0000000000000004e-08,, 'valuemultiplier':, 1.0}, {'xnodes':, 100,, 'ynodes':, 100,, 'znodes':, 100,, 'valuedim':, 3,, 'xbase':, 2.5e-10,, 'ybase':, 2.5e-10,, 'zbase':, 2.5e-10,, 'xstepsize':, 5e-10,, 'ystepsize':, 5e-10,, 'zstepsize':, 5e-10,, 'xmin':, 0.0,, 'ymin':, 0.0,, 'zmin':, 0.0,, 'xmax':, 5.0000000000000004e-08,, 'ymax':, 5.0000000000000004e-08,, 'zmax':, 5.0000000000000004e-08,, 'valuemultiplier':, 1.0}
1, {'xnodes':, 100,, 'ynodes':, 100,, 'znodes':, 100,, 'valuedim':, 3}, {'xnodes':, 100,, 'ynodes':, 100,, 'znodes':, 100,, 'valuedim':, 3}, {'xnodes':, 100,, 'ynodes':, 100,, 'znodes':, 100,, 'valuedim':, 3}, {'xnodes':, 100,, 'ynodes':, 100,, 'znodes':, 100,, 'valuedim':, 3}, {'xnodes':, 100,, 'ynodes':, 100,, 'znodes':, 100,, 'valuedim':, 3}, {'xnodes':, 100,, 'ynodes':, 100,, 'znodes':, 100,, 'valuedim':, 3}, {'xnodes':, 100,, 'ynodes':, 100,, 'znodes':, 100,, 'valuedim':, 3}, {'xnodes':, 100,, 'ynodes':, 100,, 'znodes':, 100,, 'valuedim':, 3}, {'xnodes':, 100,, 'ynodes':, 100,, 'znodes':, 100,, 'valuedim':, 3,, 'xbase':, 2.5e-10}, {'xnodes':, 100,, 'ynodes':, 100,, 'znodes':, 100,, 'valuedim':, 3,, 'xbase':, 2.5e-10,, 'ybase':, 2.5e-10}, {'xnodes':, 100,, 'ynodes':, 100,, 'znodes':, 100,, 'valuedim':, 3,, 'xbase':, 2.5e-10,, 'ybase':, 2.5e-10,, 'zbase':, 2.5e-10}, {'xnodes':, 100,, 'ynodes':, 100,, 'znodes':, 100,, 'valuedim':, 3,, 'xbase':, 2.5e-10,, 'ybase':, 2.5e-10,, 'zbase':, 2.5e-10,, 'xstepsize':, 5e-10}, {'xnodes':, 100,, 'ynodes':, 100,, 'znodes':, 100,, 'valuedim':, 3,, 'xbase':, 2.5e-10,, 'ybase':, 2.5e-10,, 'zbase':, 2.5e-10,, 'xstepsize':, 5e-10,, 'ystepsize':, 5e-10}, {'xnodes':, 100,, 'ynodes':, 100,, 'znodes':, 100,, 'valuedim':, 3,, 'xbase':, 2.5e-10,, 'ybase':, 2.5e-10,, 'zbase':, 2.5e-10,, 'xstepsize':, 5e-10,, 'ystepsize':, 5e-10,, 'zstepsize':, 5e-10}, {'xnodes':, 100,, 'ynodes':, 100,, 'znodes':, 100,, 'valuedim':, 3,, 'xbase':, 2.5e-10,, 'ybase':, 2.5e-10,, 'zbase':, 2.5e-10,, 'xstepsize':, 5e-10,, 'ystepsize':, 5e-10,, 'zstepsize':, 5e-10,, 'xmin':, 0.0}, {'xnodes':, 100,, 'ynodes':, 100,, 'znodes':, 100,, 'valuedim':, 3,, 'xbase':, 2.5e-10,, 'ybase':, 2.5e-10,, 'zbase':, 2.5e-10,, 'xstepsize':, 5e-10,, 'ystepsize':, 5e-10,, 'zstepsize':, 5e-10,, 'xmin':, 0.0,, 'ymin':, 0.0}, {'xnodes':, 100,, 'ynodes':, 100,, 'znodes':, 100,, 'valuedim':, 3,, 'xbase':, 2.5e-10,, 'ybase':, 2.5e-10,, 'zbase':, 2.5e-10,, 'xstepsize':, 5e-10,, 'ystepsize':, 5e-10,, 'zstepsize':, 5e-10,, 'xmin':, 0.0,, 'ymin':, 0.0,, 'zmin':, 0.0}, {'xnodes':, 100,, 'ynodes':, 100,, 'znodes':, 100,, 'valuedim':, 3,, 'xbase':, 2.5e-10,, 'ybase':, 2.5e-10,, 'zbase':, 2.5e-10,, 'xstepsize':, 5e-10,, 'ystepsize':, 5e-10,, 'zstepsize':, 5e-10,, 'xmin':, 0.0,, 'ymin':, 0.0,, 'zmin':, 0.0,, 'xmax':, 5.0000000000000004e-08}, {'xnodes':, 100,, 'ynodes':, 100,, 'znodes':, 100,, 'valuedim':, 3,, 'xbase':, 2.5e-10,, 'ybase':, 2.5e-10,, 'zbase':, 2.5e-10,, 'xstepsize':, 5e-10,, 'ystepsize':, 5e-10,, 'zstepsize':, 5e-10,, 'xmin':, 0.0,, 'ymin':, 0.0,, 'zmin':, 0.0,, 'xmax':, 5.0000000000000004e-08,, 'ymax':, 5.0000000000000004e-08}, {'xnodes':, 100,, 'ynodes':, 100,, 'znodes':, 100,, 'valuedim':, 3,, 'xbase':, 2.5e-10,, 'ybase':, 2.5e-10,, 'zbase':, 2.5e-10,, 'xstepsize':, 5e-10,, 'ystepsize':, 5e-10,, 'zstepsize':, 5e-10,, 'xmin':, 0.0,, 'ymin':, 0.0,, 'zmin':, 0.0,, 'xmax':, 5.0000000000000004e-08,, 'ymax':, 5.0000000000000004e-08,, 'zmax':, 5.0000000000000004e-08}, {'xnodes':, 100,, 'ynodes':, 100,, 'znodes':, 100,, 'valuedim':, 3,, 'xbase':, 2.5e-10,, 'ybase':, 2.5e-10,, 'zbase':, 2.5e-10,, 'xstepsize':, 5e-10,, 'ystepsize':, 5e-10,, 'zstepsize':, 5e-10,, 'xmin':, 0.0,, 'ymin':, 0.0,, 'zmin':, 0.0,, 'xmax':, 5.0000000000000004e-08,, 'ymax':, 5.0000000000000004e-08,, 'zmax':, 5.0000000000000004e-08}, {'xnodes':, 100,, 'ynodes':, 100,, 'znodes':, 100,, 'valuedim':, 3,, 'xbase':, 2.5e-10,, 'ybase':, 2.5e-10,, 'zbase':, 2.5e-10,, 'xstepsize':, 5e-10,, 'ystepsize':, 5e-10,, 'zstepsize':, 5e-10,, 'xmin':, 0.0,, 'ymin':, 0.0,, 'zmin':, 0.0,, 'xmax':, 5.0000000000000004e-08,, 'ymax':, 5.0000000000000004e-08,, 'zmax':, 5.0000000000000004e-08}, {'xnodes':, 100,, 'ynodes':, 100,, 'znodes':, 100,, 'valuedim':, 3,, 'xbase':, 2.5e-10,, 'ybase':, 2.5e-10,, 'zbase':, 2.5e-10,, 'xstepsize':, 5e-10,, 'ystepsize':, 5e-10,, 'zstepsize':, 5e-10,, 'xmin':, 0.0,, 'ymin':, 0.0,, 'zmin':, 0.0,, 'xmax':, 5.0000000000000004e-08,, 'ymax':, 5.0000000000000004e-08,, 'zmax':, 5.0000000000000004e-08}, {'xnodes':, 100,, 'ynodes':, 100,, 'znodes':, 100,, 'valuedim':, 3,, 'xbase':, 2.5e-10,, 'ybase':, 2.5e-10,, 'zbase':, 2.5e-10,, 'xstepsize':, 5e-10,, 'ystepsize':, 5e-10,, 'zstepsize':, 5e-10,, 'xmin':, 0.0,, 'ymin':, 0.0,, 'zmin':, 0.0,, 'xmax':, 5.0000000000000004e-08,, 'ymax':, 5.0000000000000004e-08,, 'zmax':, 5.0000000000000004e-08}, {'xnodes':, 100,, 'ynodes':, 100,, 'znodes':, 100,, 'valuedim':, 3,, 'xbase':, 2.5e-10,, 'ybase':, 2.5e-10,, 'zbase':, 2.5e-10,, 'xstepsize':, 5e-10,, 'ystepsize':, 5e-10,, 'zstepsize':, 5e-10,, 'xmin':, 0.0,, 'ymin':, 0.0,, 'zmin':, 0.0,, 'xmax':, 5.0000000000000004e-08,, 'ymax':, 5.0000000000000004e-08,, 'zmax':, 5.0000000000000004e-08}, {'xnodes':, 100,, 'ynodes':, 100,, 'znodes':, 100,, 'valuedim':, 3,, 'xbase':, 2.5e-10,, 'ybase':, 2.5e-10,, 'zbase':, 2.5e-10,, 'xstepsize':, 5e-10,, 'ystepsize':, 5e-10,, 'zstepsize':, 5e-10,, 'xmin':, 0.0,, 'ymin':, 0.0,, 'zmin':, 0.0,, 'xmax':, 5.0000000000000004e-08,, 'ymax':, 5.0000000000000004e-08,, 'zmax':, 5.0000000000000004e-08}, {'xnodes':, 100,, 'ynodes':, 100,, 'znodes':, 100,, 'valuedim':, 3,, 'xbase':, 2.5e-10,, 'ybase':, 2.5e-10,, 'zbase':, 2.5e-10,, 'xstepsize':, 5e-10,, 'ystepsize':, 5e-10,, 'zstepsize':, 5e-10,, 'xmin':, 0.0,, 'ymin':, 0.0,, 'zmin':, 0.0,, 'xmax':, 5.0000000000000004e-08,, 'ymax':, 5.0000000000000004e-08,, 'zmax':, 5.0000000000000004e-08,, 'valuemultiplier':, 1.0}, {'xnodes':, 100,, 'ynodes':, 100,, 'znodes':, 100,, 'valuedim':, 3,, 'xbase':, 2.5e-10,, 'ybase':, 2.5e-10,, 'zbase':, 2.5e-10,, 'xstepsize':, 5e-10,, 'ystepsize':, 5e-10,, 'zstepsize':, 5e-10,, 'xmin':, 0.0,, 'ymin':, 0.0,, 'zmin':, 0.0,, 'xmax':, 5.0000000000000004e-08,, 'ymax':, 5.0000000000000004e-08,, 'zmax':, 5.0000000000000004e-08,, 'valuemultiplier':, 1.0}, {'xnodes':, 100,, 'ynodes':, 100,, 'znodes':, 100,, 'valuedim':, 3,, 'xbase':, 2.5e-10,, 'ybase':, 2.5e-10,, 'zbase':, 2.5e-10,, 'xstepsize':, 5e-10,, 'ystepsize':, 5e-10,, 'zstepsize':, 5e-10,, 'xmin':, 0.0,, 'ymin':, 0.0,, 'zmin':, 0.0,, 'xmax':, 5.0000000000000004e-08,, 'ymax':, 5.0000000000000004e-08,, 'zmax':, 5.0000000000000004e-08,, 'valuemultiplier':, 1.0}
0, 0., 0., 0., 0.0
1, -1.60226401e-12, 5.55359621e-13, -5.52239745e-11, 0.0008158736687856804
2, -8.93922969e-16, -3.14629934e-13, -2.62539491e-12, 0.0020058589799728933
3, -1.99093779e-12, -1.88405071e-12, -1.98692298e-11, 0.004682191446117337
4, 7.83111753e-13, 1.19735261e-12, -1.91184586e-11, 0.008376088624079042
5, 8.82051250e-13, 4.49536376e-12, -1.47984203e-11, 0.013746307602728129
6, -5.41463858e-14, 2.58135834e-13, -2.95051050e-11, 0.02002569553501901
7, 1.24939391e-12, 3.20938102e-12, -4.32854183e-11, 0.027275942262752817
8, -3.34125139e-12, 1.26106286e-13, -5.62461118e-11, 0.03508019417798398
9, 6.05404109e-14, -7.27816895e-13, -5.58455836e-11, 0.043644943579039884
10, -1.01458718e-13, -3.19948149e-12, -8.36728781e-11, 0.053140801937336356
11, -2.76247029e-12, 4.60363627e-13, -7.91144262e-11, 0.06321140632995138
12, 5.40986945e-13, 2.30456998e-13, -7.44055433e-11, 0.07397423269186773
13, -5.76005848e-13, 3.11710490e-13, -1.04163747e-10, 0.08539267227562834
14, 9.58747093e-14, -7.46481170e-13, -1.33389178e-10, 0.0974689753528179
15, 2.50367865e-12, 8.39623433e-13, -3.90929877e-10, -1.8470552863131586
16, 4.08604667e-12, 5.43840471e-13, -4.07983094e-10, -2.955547486528245
17, 4.88860869e-12, 3.99582341e-12, -4.22709927e-10, -2.9412162446910934
18, -3.89067414e-12, -1.67362446e-12, -4.30664057e-10, -2.9262320229315275
19, 2.39704854e-12, 1.41857732e-12, -4.72944222e-10, -2.910516410115883
20, -3.67819064e-12, -7.90253476e-13, -5.10022204e-10, -2.894007404513471
21, 3.28588557e-12, 1.72951784e-12, -5.28490635e-10, -2.876720477179622
22, 3.28798744e-13, 3.04167916e-13, -5.05970191e-10, -2.8588039036659
23, 1.92904505e-13, -2.43360165e-13, -5.47796859e-10, -2.8401333052502364
24, -3.06779085e-12, -7.18858576e-13, -5.79366609e-10, -2.820789177174388
25, -1.20640163e-12, -1.55110817e-12, -5.88804295e-10, -2.800814715114567
26, 2.72884224e-12, 1.38900603e-12, -5.99154198e-10, -2.7803673626901677
27, 2.35099809e-13, 1.92478656e-12, -6.39680261e-10, -2.7594462897655694
28, 1.51143218e-12, 4.40104971e-13, -6.60600105e-10, -2.738239002100327
29, -5.72764315e-12, -8.25405473e-13, -6.97687776e-10, -2.7169552674992326
30, 1.02942676e-12, 1.29748046e-12, -9.08080925e-10, -4.747356655099162
31, -6.44325939e-13, -1.42451249e-12, -9.44685547e-10, -5.755141151538074
32, -1.25857948e-13, 7.30634858e-13, -9.77981040e-10, -5.734648135722008
33, -5.65324129e-13, -2.41452420e-13, -9.81183807e-10, -5.714786576008971
34, 7.03261401e-13, 6.19888541e-13, -1.00068532e-09, -5.69581849538158
35, -1.05805176e-12, -1.41264736e-12, -1.04831445e-09, -5.6779789297284955
36, -3.65708096e-13, -3.75102646e-13, -1.06276160e-09, -5.661423793111841
37, 3.57573705e-13, 2.73816701e-13, -1.04595582e-09, -5.646269172342736
38, 8.53269014e-13, 4.72623998e-13, -1.08678908e-09, -5.632597420446841
39, -1.55442559e-12, -4.14072161e-13, -1.09025547e-09, -5.620537624900727
40, 1.69085210e-12, -3.44454399e-13, -1.07755921e-09, -5.610111084267956
41, 3.90151643e-13, -8.15530611e-14, -1.08296423e-09, -5.601312950853076
42, 1.05254063e-12, -1.50546438e-13, -1.11601530e-09, -5.594204898750827
43, 1.29422325e-13, 4.12664762e-13, -1.08569389e-09, -5.588757961737599
44, -7.00123697e-13, 5.91594915e-13, -1.08312387e-09, -5.584922944704089
45, -7.31057505e-13, -1.79452215e-13, -1.11206823e-09, -5.582672529504681
46, 1.82834922e-12, 8.72749617e-14, -1.10101966e-09, -5.581973193828424
47, 2.46930553e-12, 4.10536704e-13, -1.08042112e-09, -5.582778872861527
48, 2.38311854e-13, -9.49769760e-14, -1.10939327e-09, -5.585102037266187
49, -5.70511903e-13, -1.54136932e-12, -1.10254402e-09, -5.588754013993305
50, -6.73357918e-13, 3.82036784e-13, -1.07243406e-09, -5.593774414779798
51, -1.86933799e-12, 4.05635524e-13, -1.08841914e-09, -5.600152128139862
52, -6.98153203e-13, 2.74812451e-14, -1.09459504e-09, -5.6077844222044755
53, 1.79374544e-12, -9.08237005e-13, -1.06907613e-09, -5.616571968242324
54, 6.24968344e-14, 1.32076744e-12, -1.05360391e-09, -5.626508222248151
55, 3.93795861e-13, 7.08862891e-13, -1.06863465e-09, -5.637560513246477
56, -2.95093159e-12, -1.17833146e-12, -1.04100917e-09, -5.64962826802137
57, -4.99034458e-15, 1.23013069e-13, -1.00124807e-09, -5.662575526438769
58, -1.86069343e-12, -8.99731148e-13, -1.01912137e-09, -5.676335847681974
59, -8.32803145e-13, -1.16364862e-14, -9.91910119e-10, -5.690886524835955
60, 2.72994420e-13, -1.54526569e-12, -9.40032744e-10, -5.706039484758913
61, -1.64559046e-13, 1.03176901e-12, -9.26192251e-10, -5.721661709323375
62, 4.04883487e-13, -1.72385222e-12, -7.11384703e-10, -3.643970550240177
63, 7.46134399e-13, 2.10110930e-12, -6.83222045e-10, -2.679054031577309
64, -2.00466729e-12, 9.02728073e-13, -6.67403959e-10, -2.695117177322568
65, 5.86104948e-13, 4.94167041e-13, -6.44020540e-10, -2.7110102045924678
66, -8.21704798e-13, -7.55510223e-13, -6.22043158e-10, -2.7265839719171017
67, 1.99655732e-13, -8.95049811e-13, -5.93166342e-10, -2.7416705948396625
68, 1.78269072e-12, 2.05560403e-12, -5.76954001e-10, -2.7561378654643174
69, 5.13654563e-13, 7.28770259e-13, -5.46656077e-10, -2.769916001618291
70, 1.44346369e-13, 1.02562141e-12, -5.52751033e-10, -2.7828733706100084
71, -4.41143941e-12, -1.34296629e-12, -5.07167809e-10, -2.7949124318686467
72, -1.68420687e-12, -1.43616699e-12, -4.76774122e-10, -2.806001683407686
73, -6.54889304e-13, 9.36929208e-13, -4.86994939e-10, -2.816138257412912
74, 2.27860067e-12, 3.87109146e-13, -4.82473067e-10, -2.8252648036471606
75, 7.74467543e-13, 1.77395535e-12, -4.09248689e-10, -2.833376333900876
76, 2.53303363e-12, 9.91098795e-13, -4.29371201e-10, -2.840478318872609
77, -2.14061213e-12, -5.45083870e-13, -4.28214245e-10, -2.846568922619463
78, 2.40351605e-12, 1.54731813e-12, -4.07518802e-10, -2.851686063448238
79, -1.46631506e-12, -1.44104691e-12, -3.54522749e-10, -2.855828166960481
80, 1.24887519e-12, 1.78419580e-12, -3.86608910e-10, -2.858955589530294
81, -1.84716115e-12, -1.35614385e-12, -3.81221262e-10, -2.861089733107782
82, 3.05534011e-12, 2.03084984e-12, -3.33067043e-10, -2.862309215996275
83, -1.73860407e-12, 7.77148125e-13, -1.44138385e-10, -0.8712693321503222
84, 2.02500684e-12, 5.25615027e-13, -1.49232813e-10, 0.21572222373532
85, -1.18976398e-12, -9.28045136e-13, -3.16522458e-10, -1.6256552830115754
86, 1.74562571e-12, 1.82792654e-12, -3.20714225e-10, -2.8552962267495046
87, -2.56919110e-12, -5.76243186e-13, -1.37399396e-10, -0.8446680580936431
88, 2.52676200e-12, 1.39747247e-12, -3.21994810e-10, -2.846638267321812
89, -1.06315601e-12, -1.14042600e-12, -3.16505121e-10, -2.8426017224387294
90, 1.03128512e-12, 8.22970773e-13, -1.37808794e-10, -0.9014115819947274
91, 3.67827339e-14, -1.53539024e-12, -1.39480992e-10, 0.2505065770860295
92, 1.84370481e-12, 2.27977329e-12, -3.28283764e-10, -1.652601868222588
93, -2.16437485e-12, -6.86979632e-13, -1.42036894e-10, 0.26908148738089743
94, 2.07847193e-12, 1.68296614e-12, -3.79478816e-10, -1.7145114543509596
95, 1.25784927e-12, -4.45582917e-13, -3.67487635e-10, -2.7871361643164794
96, 8.96403640e-13, 1.40565451e-12, -3.80072112e-10, -2.7746689390383863
97, -1.08472241e-12, -9.38764387e-13, -4.20395199e-10, -2.7613129907204015
98, 1.49211199e-12, 1.48334560e-12, -3.86947295e-10, -2.747051347303783
99, -1.75823449e-12, -1.49932203e-12, -4.21340331e-10, -2.731872077483595
100, 6.77045997e-13, 1.46559030e-12, -4.62533170e-10, -2.715812881100576
101, 1.84428377e-12, 7.91741850e-13, -4.66794230e-10, -2.6988897116271797
102, 5.90445180e-13, 1.54990485e-12, -4.46089575e-10, -2.681094554424005
103, -2.33358845e-12, -1.20525579e-12, -5.07293518e-10, -2.6624311361865383
104, 1.16613158e-12, 1.43777820e-13, -4.90438548e-10, -2.64291405705339
105, -6.19969246e-13, 3.39613921e-13, -5.09189418e-10, -2.622590165746936
106, -2.32033029e-13, -1.65150005e-13, -5.27881389e-10, -2.6015291116080803
107, -1.18918597e-12, 1.22432910e-12, -5.44129370e-10, -2.579737720142749
108, 1.08115857e-12, -1.25978360e-12, -5.63977717e-10, -2.5572364657483124
109, -2.95044572e-13, -4.96333238e-13, -5.85353279e-10, -2.5341521948879406
110, 3.35910353e-13, -9.66487613e-14, -6.07268021e-10, -2.5106176078966267
111, 1.25112628e-13, 1.08315927e-12, -6.32350219e-10, -2.486733072669571
112, 5.43165208e-13, 2.86687540e-14, -6.59556751e-10, -2.4626189005470507
113, 4.42108504e-13, -9.71307275e-13, -6.77228419e-10, -2.4384456534485883
114, -1.75156014e-13, -2.64094341e-13, -9.11777536e-10, -4.576126590995703
115, 3.21438370e-13, -3.53288126e-13, -9.59576131e-10, -5.470898706686274
116, 9.82123538e-13, 6.06225006e-13, -9.67784978e-10, -5.447615022479348
117, 2.59348395e-13, 9.55607511e-14, -9.73188468e-10, -5.425054700860838
118, -7.79809545e-14, 3.15433916e-14, -1.04280345e-09, -5.403362737803027
119, -2.58921015e-12, -1.01439919e-12, -1.04945670e-09, -5.38267458013047
120, -3.22699508e-13, -7.86327699e-14, -1.04304033e-09, -5.363203596829793
121, -1.18483232e-12, -3.24695396e-13, -1.08655209e-09, -5.34501765243135
122, 5.46963646e-13, 8.55268632e-14, -1.09100612e-09, -5.328205099630225
123, -1.86666469e-12, 3.86116204e-13, -1.08323802e-09, -5.312801801961695
124, 1.17443464e-12, -1.79625350e-13, -1.10322339e-09, -5.298882806768566
125, -7.55832636e-14, 5.35983227e-14, -1.12993282e-09, -5.28648183248389
126, -2.28196298e-13, -7.32539852e-13, -1.10399085e-09, -5.275580192475296
127, -2.85099785e-12, -1.46976838e-13, -1.10382463e-09, -5.26615533478561
128, -8.73151551e-13, -1.64303490e-12, -1.14352393e-09, -5.258220711657738
129, -2.07342153e-12, -9.24848203e-13, -1.10819591e-09, -5.251718040157911
130, 1.73666676e-13, -5.04597631e-13, -1.11626477e-09, -5.246628933708296
131, 7.50904060e-14, 1.55333315e-13, -1.13556675e-09, -5.24292233287304
132, 1.08297530e-12, 2.71895054e-14, -1.12107873e-09, -5.240545289310809
133, -1.59345841e-12, 1.93250071e-13, -1.08559671e-09, -5.2394388571780635
134, 9.31503829e-13, -4.92561442e-14, -1.11078937e-09, -5.2395675160332225
135, -9.09492162e-13, -3.47852079e-14, -1.10405589e-09, -5.240901096656104
136, 9.91263124e-13, -1.02151397e-12, -1.07354974e-09, -5.2433744764928925
137, -8.98113680e-13, 5.08377134e-13, -1.06378740e-09, -5.246916045980972
138, -3.62643363e-14, -1.28240841e-12, -1.07428233e-09, -5.251456079200347
139, -1.99542434e-12, -5.97747863e-13, -1.04897597e-09, -5.25694831059347
140, 1.55509325e-12, 2.77116641e-13, -1.01327376e-09, -5.263323521382853
141, -4.19917886e-13, 1.69233177e-13, -1.02381721e-09, -5.270458479148515
142, 1.36885984e-12, -4.76759007e-14, -9.87757669e-10, -5.278255325550106
143, -5.87857014e-13, -1.56749398e-13, -9.54167595e-10, -5.286624268781377
144, 9.79527964e-13, 7.17129645e-14, -9.30722269e-10, -5.295456154323196
145, -2.77340873e-13, -1.61785061e-12, -7.02053361e-10, -3.2929984868449895
146, -6.04618375e-13, 9.77163458e-13, -6.56243270e-10, -2.2388114337114056
147, 5.72496999e-13, 2.13751162e-13, -6.36052915e-10, -2.247996616322272
148, -3.33364328e-15, 8.13160869e-13, -6.43413812e-10, -2.2570331032511652
149, 1.07621662e-13, 3.22312094e-13, -6.07713976e-10, -2.265749707024013
150, -8.11462626e-13, 1.38779849e-13, -5.82006011e-10, -2.274011590714879
151, 1.35730244e-13, -1.41672394e-12, -5.75886874e-10, -2.28169779695002
152, -1.02374898e-13, -1.53485649e-13, -5.47943016e-10, -2.2886955635985986
153, 2.35093637e-13, 6.85055212e-13, -5.26943945e-10, -2.2949129090955744
154, -2.50128394e-14, 7.60325346e-13, -5.12528747e-10, -2.3002633650756623
155, 9.61510700e-13, -1.76759378e-12, -5.14824441e-10, -2.304686995039576
156, -4.30051382e-15, 1.82386295e-13, -4.79355263e-10, -2.3081279844604685
157, 5.96632568e-13, -1.17948073e-12, -4.67357415e-10, -2.3105730758198573
158, -4.85189117e-13, 1.87853081e-12, -4.73488012e-10, -2.3120074997060165
159, 7.02856719e-13, -3.15853770e-13, -4.43988645e-10, -2.3124102670235445
160, -7.22197114e-13, 2.04228178e-12, -4.37653578e-10, -2.311773276440619
161, -4.55221160e-13, -3.67685158e-13, -4.33848463e-10, -2.3101064277946004
162, -1.11827299e-13, -3.40034043e-14, -4.26441357e-10, -2.307415595175432
163, -6.56251779e-13, 1.62862349e-13, -4.12487412e-10, -2.303693986081621
164, 5.98901231e-13, 1.17502513e-12, -4.16433401e-10, -2.298951919808815
165, 7.03542000e-13, -5.97696101e-13, -4.32091971e-10, -2.2931817765078537
166, 3.08217691e-13, 7.97401454e-13, -4.04682991e-10, -2.2863811783494232
167, -3.12693603e-13, -4.08089138e-13, -4.03905560e-10, -2.278570532215348
168, -8.56833841e-13, 1.32593266e-12, -4.26646951e-10, -2.2697461480271013
169, -9.25812039e-14, 1.44204356e-13, -3.99555181e-10, -2.2599039714127347
170, 6.51669564e-13, -2.59556845e-14, -3.99775117e-10, -2.249038023752344
171, -4.49172769e-13, -3.87858812e-13, -4.21982923e-10, -2.2371644129571178
172, 2.77399502e-14, 6.58890600e-13, -4.29185663e-10, -2.2243013181126927
173, -5.06848518e-13, -5.23677496e-13, -4.07849711e-10, -2.2104606142941203
174, -7.40909289e-13, 1.75402585e-12, -4.34909590e-10, -2.195615277340165
175, -2.64725857e-13, -2.11386867e-13, -4.48305463e-10, -2.1797704576793686
176, -8.51525541e-14, 6.31391864e-13, -4.22134192e-10, -2.162966962828918
177, -2.69138899e-13, -6.09505016e-13, -4.52540167e-10, -2.145217844163831
178, 3.34891761e-13, -5.49421042e-14, -4.67677346e-10, -2.126499182617569
179, -6.42016985e-13, 1.39322877e-12, -4.44956690e-10, -2.106837272407927
180, -2.56366383e-13, 1.22181765e-12, -4.66753019e-10, -2.0862469125918492
181, -4.94486391e-13, 7.37826201e-13, -4.94294989e-10, -2.064745331159633
182, 1.00642561e-12, -1.05291834e-13, -4.89892845e-10, -2.042372604332515
183, -2.64501887e-13, 1.13042019e-12, -4.89282244e-10, -2.0191383992375322
184, 3.11901961e-13, 2.10562139e-13, -5.30746996e-10, -1.9950949180647524
185, -3.80906152e-13, 6.67810883e-13, -5.51664184e-10, -1.9702763516181592
186, 2.91193456e-13, 2.69933572e-13, -5.41401281e-10, -1.9447660045242898
187, -6.40954674e-13, 3.10702427e-13, -5.80076039e-10, -1.9186561066794328
188, 5.07397474e-13, -3.08510271e-13, -6.04454256e-10, -1.892005406146353
189, -6.19079092e-13, 1.50760889e-12, -5.96693995e-10, -1.864952901885459
190, 1.22518903e-13, 2.10641567e-13, -6.29872348e-10, -1.8376229785288445
191, -4.78876597e-13, 5.89915538e-13, -6.71301203e-10, -1.8101870860984606
192, 5.83934152e-13, -2.80245942e-13, -6.73621618e-10, -1.7828083341050955
193, 6.62109000e-13, 1.63676163e-13, -9.22904838e-10, -4.01780710596606
194, -5.07324120e-13, -4.32883385e-13, -9.74543852e-10, -4.808898311182675
195, 1.47042279e-12, 2.47936723e-14, -9.72148664e-10, -4.782634360089591
196, -7.17997934e-13, -1.37652391e-13, -9.78131809e-10, -4.757109474593584
197, -3.38946838e-13, -6.80233747e-13, -1.02853156e-09, -4.732503152416292
198, -8.44569573e-13, -1.41566630e-13, -1.04456872e-09, -4.708940717348273
199, 5.48838894e-13, -4.09100427e-13, -1.03425908e-09, -4.686545508426064
200, -7.32523447e-13, -2.76705863e-14, -1.05914160e-09, -4.665360536651915
201, 3.25215663e-13, -2.99175528e-13, -1.08080411e-09, -4.645483577299768
202, -5.19247876e-13, -2.89818205e-13, -1.07739503e-09, -4.626996464852493
203, 1.19554454e-13, -4.70151030e-13, -1.09071750e-09, -4.609895038918903
204, -1.36091452e-13, 2.26090107e-13, -1.10695451e-09, -4.594189234793545
205, 3.15584497e-13, -7.38222401e-13, -1.10407481e-09, -4.579874657659191
206, -9.71204010e-13, -3.50952401e-13, -1.10758564e-09, -4.566946496361153
207, 4.05305947e-13, -2.11772803e-13, -1.11557290e-09, -4.5554054894635145
208, -1.05889053e-13, -5.41227422e-13, -1.11612067e-09, -4.5452149369422905
209, -4.19346032e-13, -1.05627482e-12, -1.10392381e-09, -4.53631703867042
210, -1.35604687e-13, -1.71309500e-13, -1.10262982e-09, -4.528676458393342
211, 6.51315288e-13, -5.14493256e-13, -1.09954691e-09, -4.522281299406348
212, 8.45060644e-14, -1.62362316e-13, -1.08956501e-09, -4.517089660140194
213, -1.99298634e-13, -5.87370879e-13, -1.07700749e-09, -4.513037020365271
214, -2.44446016e-15, -5.06236294e-14, -1.07597638e-09, -4.510063775414797
215, -7.17371769e-14, -8.28868400e-13, -1.05029851e-09, -4.508131677923101
216, -4.63877274e-13, -4.89727598e-13, -1.03805989e-09, -4.507184077014544
217, 8.70625536e-14, -1.47916525e-13, -1.03063952e-09, -4.507157176085387
218, -2.52318353e-13, 1.64960477e-13, -1.01349137e-09, -4.507969828522735
219, 1.80627016e-13, -5.33283729e-13, -9.83476127e-10, -4.509526175506138
220, -1.16231766e-13, -2.49741458e-13, -9.71571855e-10, -4.511746314872371
221, 1.55773800e-13, -2.61241836e-13, -9.52467761e-10, -4.514535910187017
222, -1.97723337e-13, 9.27897285e-14, -9.19260673e-10, -4.517774525000608
223, -1.22207141e-13, -7.88132555e-14, -9.02039936e-10, -4.521343582317993
224, -7.91607215e-13, -3.22303212e-13, -6.31243173e-10, -2.5323661712054113
225, 2.01492103e-13, -1.92428899e-13, -6.21356498e-10, -1.4535981859787697
226, -3.08696770e-13, 9.69738550e-13, -5.92454906e-10, -1.4571790047734174
227, -1.55870607e-13, 8.32248486e-13, -5.89503671e-10, -1.4605014610814235
228, -4.05657889e-13, 1.87366393e-13, -5.86509957e-10, -1.46342543522454
229, 6.31860808e-13, 4.64603565e-13, -5.64636258e-10, -1.465819928762749
230, -3.35590988e-13, 5.43359731e-13, -5.47186648e-10, -1.4675774030579578
231, 7.58495433e-13, 2.44278971e-13, -5.48989463e-10, -1.4685975085363687
232, 5.23001937e-14, 9.78780696e-14, -5.22406809e-10, -1.4687890806285944
233, 3.28358281e-13, 1.60569782e-13, -4.96824414e-10, -1.4680842877485882
234, -5.00045809e-13, -2.30653443e-13, -5.05462995e-10, -1.4664230481989537
235, 3.17553547e-13, 5.73004440e-13, -4.95561265e-10, -1.463763250882948
236, 1.20504442e-13, 5.83764794e-13, -4.69533582e-10, -1.4600923580168659
237, 1.14519361e-13, 2.14417646e-13, -4.72256975e-10, -1.4553853424438254
238, -4.46817529e-13, -4.43173880e-13, -4.71894501e-10, -1.4496205190878761
239, 8.81803457e-13, 2.76041313e-13, -4.53675903e-10, -1.442806603068978
240, -7.29910788e-13, 3.22209427e-13, -4.41920994e-10, -1.434935835750645
241, 2.90348683e-14, 3.73542985e-13, -4.45365653e-10, -1.4260167653118823
242, -2.95432860e-13, 1.86794755e-13, -4.44800330e-10, -1.416036946444423
243, 2.19455696e-13, 3.70054951e-13, -4.36633905e-10, -1.4050079324352072
244, -1.04434877e-12, -1.06655113e-12, -4.42058960e-10, -1.392933057777048
245, 8.53397621e-13, 3.15271301e-13, -4.42927944e-10, -1.3798157638295327
246, 2.09420317e-13, 4.34034132e-13, -4.39833910e-10, -1.3656466597026613
247, -3.28395437e-13, 1.40017489e-13, -4.37098497e-10, -1.3504510492337807
248, -3.95987765e-13, 2.79956670e-13, -4.42527491e-10, -1.334209620783634
249, 3.63562974e-13, 6.08528476e-13, -4.46091754e-10, -1.3169451786283837
250, -1.13144008e-12, 1.86901792e-13, -4.38237086e-10, -1.2986635991615594
251, -3.80936631e-13, 2.81524707e-13, -4.50153065e-10, -1.279357913057219
252, -2.71243496e-13, 7.66793087e-13, -4.59539445e-10, -1.2590469870895429
253, -3.71238054e-13, 3.68946532e-13, -4.53711500e-10, -1.2377502676990364
254, -4.93834678e-13, 8.14559523e-14, -4.63672682e-10, -1.2154675553807748
255, 3.16482180e-13, 1.27931855e-13, -4.75020486e-10, -1.1922064331653373
256, -6.04983629e-14, 1.30597831e-13, -4.81769677e-10, -1.1680079254292817
257, -1.98703037e-13, 3.23528329e-13, -4.83272199e-10, -1.14289896653311
258, -1.78309660e-13, 1.78216285e-13, -5.00095884e-10, -1.1168875249333248
259, -1.02369721e-13, 9.20804197e-14, -5.15889740e-10, -1.0900332012134304
260, -5.44497164e-13, -2.63437696e-14, -5.11995939e-10, -1.062373622973713
261, 2.83431557e-13, 6.42346854e-13, -5.33664472e-10, -1.0339736800768893
262, -1.42979180e-13, 2.82902349e-13, -5.59537150e-10, -1.0049180499601238
263, -6.79277792e-13, 1.90529967e-13, -5.45653212e-10, -0.975292570986764
264, -2.49433186e-13, 3.93436719e-13, -5.60839092e-10, -0.9451966281003631
265, -5.00558950e-13, 2.80289365e-13, -5.90209660e-10, -0.914768547933293
266, -6.39590808e-13, 3.14711584e-13, -5.75333132e-10, -0.8841565060832919
267, -7.36909599e-13, 1.01787495e-13, -5.81759001e-10, -0.8535097641663799
268, -6.62734212e-13, -4.16400739e-13, -8.92383161e-10, -3.085089249037534
269, -6.10760005e-13, -2.18558043e-13, -9.08583946e-10, -3.872724375870617
270, -5.63821965e-13, -6.60850365e-16, -9.01510588e-10, -3.8428903000524293
271, -7.13184490e-13, -5.23400384e-13, -9.54069317e-10, -3.813685372904188
272, -1.26226596e-12, 3.53206893e-13, -9.78290597e-10, -3.7852596205224276
273, -1.04123747e-13, -2.56212266e-14, -9.73795731e-10, -3.757752688147922
274, -1.40964904e-12, 2.35522284e-13, -1.00646026e-09, -3.7312869252330922
275, -5.04447720e-13, -2.60905938e-13, -1.02103549e-09, -3.705942851509521
276, -2.03785730e-13, -2.39206892e-13, -1.00476740e-09, -3.6818093378842955
277, -5.19362010e-13, -9.01738428e-13, -1.01077210e-09, -3.6589417576454335
278, -1.10938471e-12, -2.50343882e-13, -1.03614466e-09, -3.637379964204003
279, -4.78781090e-13, 5.96835190e-14, -1.03024194e-09, -3.6171349438592237
280, -3.30039260e-14, -5.04378525e-13, -1.03979183e-09, -3.59822122737161
281, -5.79507163e-13, -8.10337330e-13, -1.04102430e-09, -3.580634102302868
282, -8.90380672e-13, -9.03451405e-14, -1.05173241e-09, -3.5643586297999037
283, -1.50458833e-13, -2.04767365e-15, -1.04941952e-09, -3.5493702477954803
284, -5.34949390e-13, -4.57912690e-13, -1.04607362e-09, -3.5356500798251163
285, -8.19162852e-13, 6.21676100e-13, -1.04071747e-09, -3.5231599297830005
286, -1.64031781e-13, 7.27951503e-13, -1.03873024e-09, -3.5118673713331896
287, -8.99637326e-14, -4.21471932e-13, -1.04532226e-09, -3.501732516422735
288, -1.18286682e-12, -2.15453320e-15, -1.03237290e-09, -3.4927127207905464
289, -8.54201532e-13, 8.76252966e-13, -1.02685570e-09, -3.4847604870280326
290, -3.72412323e-13, 4.27548327e-13, -1.03474462e-09, -3.4778317636136364
291, -8.33809529e-13, -7.38969739e-14, -1.02165271e-09, -3.4718756091786496
292, -9.44232632e-13, 3.92560353e-13, -1.00645768e-09, -3.4668257089300725
293, -4.70023501e-13, 2.20630449e-14, -1.02300018e-09, -3.4626051542538043
294, -6.19704756e-13, -3.76056147e-13, -1.00933536e-09, -3.459154048278081
295, -7.91722644e-13, -3.73397662e-13, -9.83820005e-10, -3.456385346834788
296, -3.75178047e-13, 2.47330079e-13, -9.90540321e-10, -3.454199921885851
297, -5.66063928e-13, 2.32770877e-13, -9.76717816e-10, -3.452504489892536
298, -9.17021769e-13, -3.27665456e-13, -9.55344276e-10, -3.4511796077112136
299, -2.63236971e-13, 5.75076190e-13, -9.46142532e-10, -3.45012559080109
300, -4.69382345e-13, -1.48900432e-13, -6.05916276e-10, -1.4995414907429285
301, 1.19309601e-13, 6.24136129e-13, -6.42170597e-10, -0.37261923206613745
302, -1.00816726e-12, 2.55523999e-13, -6.47983367e-10, -0.3713474933365044
303, -6.01360827e-13, -5.07804010e-15, -5.92339135e-10, -0.3697558277129918
304, -2.49208456e-13, -2.42692267e-13, -5.87671132e-10, -0.3677222147688737
305, -7.34903134e-13, 8.63791544e-14, -6.21833424e-10, -0.36512729026245627
306, -2.00527192e-13, -3.63067002e-13, -5.85014656e-10, -0.3618591034995679
307, -5.36466743e-13, -2.68695640e-14, -5.48360624e-10, -0.3578148553948026
308, -1.20328530e-12, 5.10438957e-13, -5.78199159e-10, -0.3529193614186371
309, -6.82997510e-13, 5.79520903e-14, -5.36831729e-10, -0.3471205803551538
310, -5.24017551e-13, -2.50437222e-13, -5.07028741e-10, -0.34035036351255016
311, -1.33409164e-12, 2.39011798e-13, -5.37285137e-10, -0.3325649913595449
312, -1.25478625e-12, 3.09419968e-13, -5.26814024e-10, -0.3237455795821093
313, -1.14661428e-12, 1.78240290e-13, -4.78080179e-10, -0.3138769430511156
314, -3.01624770e-13, -7.16930726e-13, -4.90711909e-10, -0.3029453823147636
315, -1.33900595e-12, 3.43838874e-13, -5.08487958e-10, -0.2909463912388448
316, -2.21728959e-13, -5.91570049e-13, -4.72886385e-10, -0.27787193423231527
317, -2.79446022e-13, -6.63403384e-13, -4.75332356e-10, -0.2637178672679673
318, -9.36560966e-13, 2.25083576e-13, -4.98286933e-10, -0.24849525570522932
319, -8.17455300e-13, -1.36533659e-13, -4.61630580e-10, -0.23221405342203352
320, -3.70950837e-13, -5.23853973e-13, -4.50017866e-10, -0.21485881687583452
321, -1.06038891e-12, -3.13998036e-14, -4.78942599e-10, -0.1964335154419472
322, -1.50900551e-12, 8.38110777e-13, -4.88755182e-10, -0.17695540013190797
323, -1.14494182e-12, 1.65680828e-13, -4.54482829e-10, -0.15642704387992898
324, -6.45365611e-13, -2.63314241e-13, -4.88456565e-10, -0.13485391717871184
325, -1.79350059e-12, 1.64203497e-12, -5.04405041e-10, -0.11224591916064008
326, -7.34381193e-13, -3.21617963e-13, -4.65991267e-10, -0.08860844300301471
327, -5.53065850e-13, -5.11177198e-13, -4.82350197e-10, -0.06394515316544327
328, -1.50559665e-12, 6.13210470e-13, -5.29170288e-10, -0.038300675865938945
329, -7.09746863e-13, 5.92641925e-13, -5.12543356e-10, -0.011680229347463414
330, -3.77697593e-13, -7.46360233e-13, -5.13200197e-10, 0.015895937813802673
331, -1.27044805e-12, 6.85063803e-13, -5.59468962e-10, 0.04440317231216819
332, -8.79447687e-13, 3.67329031e-14, -5.38847449e-10, 0.07378655427118225
333, -5.69945221e-13, -4.67413889e-13, -5.53860156e-10, 0.10400670009723274
334, -1.13594711e-12, 2.21055923e-13, -5.89393253e-10, 0.13501414094004874
335, -1.48170672e-12, 1.07075397e-12, -6.15058500e-10, 0.16672723842266582
336, -1.46591324e-12, 5.26931376e-13, -6.00201610e-10, 0.19906445545418394
337, -9.08107097e-13, -1.36067720e-13, -6.33237811e-10, 0.23192934813674354
338, -1.67892104e-12, 1.02012069e-12, -6.61734919e-10, 0.2651782818034669
339, -1.09421040e-12, 6.10993237e-13, -6.77257963e-10, 0.2987164785833595
340, -1.23469095e-12, -5.40041752e-13, -9.22629854e-10, -1.839959410544905
341, -6.96226980e-13, -6.55876639e-13, -9.24895195e-10, -2.7141306210620004
342, -9.18270748e-13, 2.20026064e-13, -9.64557646e-10, -2.6805704270545005
343, -1.12131555e-12, 3.63005553e-13, -9.82875808e-10, -2.647382583029851
344, -1.43826737e-12, -2.33301128e-13, -9.79652847e-10, -2.614708235273366
345, 4.03097622e-13, -6.79355160e-13, -9.95030891e-10, -2.582687409631757
346, -9.00335908e-13, 1.06640646e-12, -1.03640884e-09, -2.5514891811512124
347, -5.59722037e-13, -3.00498773e-13, -1.03428642e-09, -2.5211857147860273
348, -7.06369641e-13, -3.25981895e-13, -1.05824807e-09, -2.4919396782392202
349, -6.57385202e-13, 1.55424881e-13, -1.08330520e-09, -2.4637865431444723
350, -5.58390014e-13, 7.12351916e-13, -1.06796532e-09, -2.4368038816729904
351, -9.98259558e-14, -5.85096626e-13, -1.07975464e-09, -2.4110372785668486
352, -2.78629814e-13, 4.28302932e-14, -1.11328730e-09, -2.386520387368965
353, -9.35293398e-13, 6.77392299e-13, -1.11590814e-09, -2.3632675113483588
354, -8.29795208e-13, 9.57804457e-13, -1.08628250e-09, -2.341292760204162
355, -3.52628452e-13, -5.15173004e-13, -1.10544463e-09, -2.32057283945486
356, -4.22569565e-13, 5.71907462e-13, -1.12575087e-09, -2.301104513509479
357, -5.88878322e-13, 6.71094297e-13, -1.08944215e-09, -2.2828728378342342
358, -5.88913770e-13, 1.73042957e-13, -1.10648098e-09, -2.2658294385700164
359, -9.50896889e-13, 7.67589994e-13, -1.11591084e-09, -2.2499519636584817
360, -5.82854893e-13, 1.04272990e-12, -1.10127570e-09, -2.2351908328681587
361, -5.01472518e-13, 4.13358546e-13, -1.07268066e-09, -2.2215480255489477
362, -2.53706564e-13, 3.86832708e-15, -1.09664624e-09, -2.208960717686753
363, -7.73997154e-13, 6.78157552e-13, -1.08998739e-09, -2.1973811274815866
364, -7.48733721e-13, 7.58468892e-13, -1.04658171e-09, -2.1867665237272984
365, -4.93835301e-13, 2.18953858e-13, -1.05864358e-09, -2.177055498005326
366, -1.30433078e-12, 1.88552035e-12, -1.04850868e-09, -2.1682038995519846
367, -5.66967805e-13, 9.18273261e-13, -1.00691693e-09, -2.160134489631536
368, -4.38679785e-13, 1.97794789e-13, -1.01381179e-09, -2.1527692983879407
369, -1.00195444e-13, -3.18713187e-14, -1.01227555e-09, -2.146016549855856
370, -3.95210177e-13, 9.65840228e-13, -9.71728319e-10, -2.139810245091339
371, 2.28776382e-13, 3.19347256e-14, -9.49152336e-10, -2.134034235930932
372, -1.44516536e-13, 4.05522357e-13, -9.60800827e-10, -2.1285815567401527
373, -4.53592292e-13, 1.14794958e-12, -9.31108991e-10, -2.123349964427358
374, -2.62806465e-13, 1.29683610e-12, -8.72833417e-10, -2.118225913465455
375, 3.18995577e-14, 1.56707959e-12, -6.67744254e-10, -0.17336346511044862
376, -4.06727841e-13, 2.19612921e-12, -6.54584621e-10, 0.9684836891196388
377, -4.20532130e-13, 1.22849775e-12, -6.08999939e-10, 0.9744321524349128
378, -7.96719830e-13, 1.72082649e-12, -6.01634278e-10, 0.9808488192804463
379, -6.34442663e-13, 2.32378443e-12, -6.05869554e-10, 0.9878568485164091
380, 2.12497308e-13, 2.25481361e-12, -5.72963491e-10, 0.9955535919547709
381, -6.57985320e-13, 1.59315984e-12, -5.41587603e-10, 1.0040262680467869
382, -3.46047354e-13, 2.51596367e-12, -5.60336365e-10, 1.0133535508926024
383, 3.12030671e-13, 2.31007269e-12, -5.38376906e-10, 1.0236137331129562
384, -4.69675881e-13, 1.63019261e-12, -5.06900374e-10, 1.0348390383572441
385, 1.15092890e-13, 2.47915348e-12, -5.25491548e-10, 1.0470752513428654
386, 1.21946100e-13, 2.45344021e-12, -5.17665689e-10, 1.060365731754281
387, 1.96546476e-13, 1.84898748e-12, -4.78312790e-10, 1.0747028673058205
388, 2.46566016e-14, 2.08719181e-12, -4.94476854e-10, 1.0901153927266671
389, -7.14945000e-14, 2.36580723e-12, -4.97591204e-10, 1.10661321766355
390, 5.58056754e-13, 1.79969943e-12, -4.66824031e-10, 1.124190532902535
391, -1.19036442e-14, 2.01077072e-12, -4.64018801e-10, 1.1428551271615128
392, 4.16463041e-13, 2.31790360e-12, -4.88531894e-10, 1.1625979262439465
393, 1.06391461e-12, 2.03797596e-12, -4.67537010e-10, 1.1834210934872706
394, 7.96250801e-13, 1.67305391e-12, -4.56539403e-10, 1.205332192557962
395, 1.14003620e-12, 1.41732523e-12, -4.89263592e-10, 1.228287132002927
396, 1.48374522e-12, 2.14114283e-12, -4.75489318e-10, 1.252328072847229
397, 6.43622215e-13, 1.74585654e-12, -4.65398497e-10, 1.2774332907919774
398, 5.47129907e-13, 1.98669643e-12, -4.78948012e-10, 1.3035740117595047
399, 4.09258161e-13, 1.90606840e-12, -5.03278941e-10, 1.3307385155370772
400, 7.59847080e-13, 1.81470064e-12, -4.81723023e-10, 1.3589189673998288
401, 5.14137040e-13, 1.50849908e-12, -5.02556319e-10, 1.388094608885692
402, 5.26654394e-13, 1.91034584e-12, -5.25302880e-10, 1.4182524608229934
403, 6.81965832e-13, 1.97518554e-12, -5.12272232e-10, 1.4493424864200546
404, 7.07354000e-13, 1.77185689e-12, -5.16538520e-10, 1.4813418547175605
405, 3.00347066e-13, 2.02263106e-12, -5.54411140e-10, 1.5141613470261939
406, 4.82635838e-13, 2.62186001e-12, -5.65863578e-10, 1.547819201620521
407, 1.04259932e-12, 1.11490404e-12, -5.58224746e-10, 1.5821650968905405
408, 2.66498993e-13, 1.87973236e-12, -5.90165673e-10, 1.6171826545998758
409, 1.52983554e-13, 1.49259709e-12, -6.11737826e-10, 1.6527401338975516
410, 2.94343106e-13, 6.04112413e-13, -5.98629840e-10, 1.6887104487743763
411, 4.97264284e-13, 9.04118385e-13, -6.16570288e-10, 1.7250027637309535
412, 5.23550243e-13, 1.32228137e-12, -6.35404382e-10, 1.7614599643706175
413, -2.01573186e-14, 1.71100835e-12, -8.85808146e-10, -0.47461520187159795
414, -1.47124802e-13, 1.14309360e-12, -8.91839378e-10, -1.245706540066327
415, 5.33031521e-13, -7.79833546e-14, -9.18076394e-10, -1.209578952888935
416, 2.29931914e-13, 1.42397154e-12, -9.39856967e-10, -1.1739135888765424
417, -9.53330230e-14, 1.33055551e-12, -9.58210941e-10, -1.1388299224462624
418, 1.94529737e-13, -3.63776903e-14, -9.85277055e-10, -1.104473057436304
419, 2.09303818e-13, 4.51172817e-13, -9.91742663e-10, -1.0709768478349153
420, 8.12778390e-13, 1.35247659e-12, -1.00400585e-09, -1.0384321714847373
421, 1.47707885e-12, 7.14009979e-13, -1.02185309e-09, -1.0069329931307125
422, 1.28825819e-12, 6.07611588e-13, -1.03392571e-09, -0.9765400702137286
423, 1.71818069e-12, 1.48105886e-12, -1.02548835e-09, -0.9473052436209728
424, 2.00263690e-12, 1.14959827e-12, -1.03612385e-09, -0.9192465684172366
425, 2.15844285e-12, 7.33543296e-13, -1.03968456e-09, -0.8924096415780276
426, 1.83646903e-12, 1.20587733e-12, -1.04193544e-09, -0.866789607573493
427, 2.22415035e-12, 1.51058964e-12, -1.03900040e-09, -0.8423797598358412
428, 2.35704751e-12, 3.57557984e-13, -1.04419062e-09, -0.8191678211647545
429, 2.24904987e-12, 6.98018312e-13, -1.03784586e-09, -0.797141776074659
430, 2.59951345e-12, 1.47486710e-12, -1.03457010e-09, -0.7762748850250439
431, 2.94232722e-12, 4.75372941e-13, -1.02886410e-09, -0.756544662719494
432, 2.86741629e-12, 7.91922538e-13, -1.02945139e-09, -0.7379212600018368
433, 2.39847316e-12, 1.02091840e-12, -1.03279164e-09, -0.720362438766202
434, 3.22708165e-12, 6.29621569e-13, -1.00397916e-09, -0.7038271944955296
435, 2.99419818e-12, 4.87576487e-13, -1.00242905e-09, -0.688288112865669
436, 2.83702144e-12, 5.87596616e-13, -1.01401608e-09, -0.6736987563520783
437, 2.78360329e-12, 1.02817993e-12, -1.00179530e-09, -0.6600011886087832
438, 3.46509699e-12, 2.91048305e-13, -9.79387317e-10, -0.6471401961383798
439, 3.32095363e-12, -1.14035753e-13, -9.84056747e-10, -0.6350570840114906
440, 2.29613656e-12, 1.21203061e-12, -9.71952625e-10, -0.6236811854797063
441, 3.05744251e-12, 9.75946108e-13, -9.53320188e-10, -0.6129431939589173
442, 3.48620785e-12, -1.84367454e-13, -9.48123334e-10, -0.6027496816757593
443, 5.20930523e-13, 2.45142691e-13, -9.51565392e-10, -0.5929970428082959
444, 3.30226191e-12, 5.72864119e-13, -5.85857127e-10, 1.1553841965163736
445, 1.92696639e-12, 7.99402780e-14, -5.87695370e-10, 2.5011924343014065
446, 2.03045035e-12, -3.27591513e-13, -9.24961031e-10, 0.4701774840052297
447, 1.60796471e-12, 1.34348907e-13, -5.95917111e-10, 2.5194649936850997
448, -9.09841405e-13, 2.90175358e-14, -5.65524320e-10, 2.5287964805089165
449, 4.36161209e-13, -6.81518592e-13, -6.05925815e-10, 2.538433905398604
450, 6.59049297e-13, -7.67936803e-13, -6.17100535e-10, 2.5484788049584552
451, -7.93905549e-13, -2.10457941e-13, -5.74171763e-10, 2.5590474776003025
452, -1.97032632e-13, 2.78408271e-14, -5.93964092e-10, 2.5702527004841818
453, 8.52521318e-13, -5.69254283e-14, -6.12398353e-10, 2.582193924803216
454, -7.78243974e-13, 4.76942469e-13, -5.67541963e-10, 2.5949511423008422
455, -6.15899942e-13, 1.93878531e-13, -5.51052946e-10, 2.608597948075464
456, 1.07461805e-12, -3.71074261e-13, -5.97602384e-10, 2.6231855893826785
457, -1.48354202e-12, -3.94089486e-13, -5.72588450e-10, 2.638762153142774
458, -9.82165531e-13, -2.32758505e-13, -5.32543936e-10, 2.6553695571996383
459, -3.38958834e-13, -8.25514270e-13, -5.70579405e-10, 2.6730336655963076
460, 1.43871095e-13, -8.72839224e-13, -5.64704410e-10, 2.6917671489747175
461, -1.19524230e-12, -6.81276635e-13, -5.23123204e-10, 2.711575623968222
462, -6.69034616e-14, -7.09020072e-13, -5.47887713e-10, 2.7324736453655483
463, 1.04025812e-12, -7.90805057e-13, -5.52840347e-10, 2.7544640691587747
464, -6.00103812e-13, -2.42061675e-13, -5.07989022e-10, 2.7775417848549147
465, -4.20630966e-13, -6.33055598e-13, -5.24679609e-10, 2.801716866827086
466, 9.56923920e-13, -1.22086701e-12, -5.53957337e-10, 2.826969485128102
467, 1.18307686e-12, -8.77835840e-13, -5.26790725e-10, 2.8533008837693687
468, -3.41585354e-13, -3.98912236e-13, -5.16828553e-10, 2.8807080920827985
469, 1.04331682e-12, -1.31631881e-12, -5.62934002e-10, 2.909172216825296
470, 1.06436324e-12, -9.09331402e-13, -5.59310785e-10, 2.93868337400596
471, 1.70205020e-12, -8.37459863e-13, -5.34533111e-10, 2.969217547378425
472, 1.12658409e-12, -1.55845003e-12, -5.78692202e-10, 3.0007682283056796
473, 8.30211317e-13, -1.27190775e-12, -5.78278163e-10, 3.033302074915963
474, 1.57306910e-12, -1.18204342e-12, -5.56771296e-10, 3.066785431985651
475, 1.21361753e-12, -1.53796035e-12, -5.91495853e-10, 3.1011914311132
476, 6.71857702e-13, -1.99451367e-12, -6.20567678e-10, 3.136462721338047
477, 6.08680958e-13, -1.71884357e-12, -5.99940314e-10, 3.1725315948529595
478, 1.33859989e-12, -1.86440774e-12, -6.19664682e-10, 3.2093518145129756
479, 6.85944899e-13, -2.08386493e-12, -6.58738229e-10, 3.246830092360829
480, 7.90548273e-13, -1.87439230e-12, -6.36781089e-10, 3.2848619775030836
481, 1.26798799e-12, -2.18443063e-12, -6.65161305e-10, 3.323371489692949
482, 5.60671276e-13, -2.43252431e-12, -7.02234829e-10, 3.362222232564216
483, 8.00523681e-13, -2.26168294e-12, -7.07916389e-10, 3.401259680764496
484, 9.22173160e-13, -2.59317844e-12, -7.17232063e-10, 3.4403569077205995
485, 7.14997326e-13, -3.16931422e-12, -9.29712593e-10, 1.0957840437859367
486, -9.38962638e-14, -2.38944835e-12, -9.46964561e-10, 0.4381611491729615
487, -5.71838357e-13, -2.43858922e-12, -9.88416324e-10, 0.47663155958273257
488, -4.68964104e-13, -2.88311439e-12, -9.82699338e-10, 0.5145453611911001
489, -6.96875416e-14, -2.90427691e-12, -9.80841927e-10, 0.551800461817492
490, 2.24238528e-13, -2.69305253e-12, -1.04210843e-09, 0.5882612887685283
491, -1.17036008e-12, -2.76358271e-12, -1.04349675e-09, 0.6238417354931229
492, -3.80982837e-13, -2.64787523e-12, -1.03056705e-09, 0.6584219255337023
493, -6.99570777e-13, -2.80982289e-12, -1.05790949e-09, 0.6919886570065191
494, 1.35715535e-14, -1.95980215e-12, -1.09085555e-09, 0.724438693526365
495, -5.63092224e-13, -1.75315256e-12, -1.06186291e-09, 0.7557501064273575
496, 2.71225023e-13, -1.56122168e-12, -1.08545538e-09, 0.7859004721025801
497, 1.18185119e-13, -2.20131411e-12, -1.10625081e-09, 0.8149010841603274
498, 4.87264812e-13, -1.85341795e-12, -1.08160683e-09, 0.842713984629068
499, 3.31430150e-13, -1.79450470e-12, -1.08025993e-09, 0.869377332922443
