label,frame,time_ns,global_rms,core_rms,background_rms,core_to_background_rms,core_energy_fraction,core_count,centroid_x_nm,centroid_y_nm,centroid_z_nm,dx_nm,dy_nm,dz_nm,displacement_nm
srcX_200GHz,0,0.0,0.0,0.0,0.0,nan,nan,908,24.999993058003803,24.999998671007276,25.050465261088206,0.0,0.0,0.0,0.0
srcX_200GHz,1,0.01,0.016159887881237064,0.00936926686907293,0.016164761959146554,0.5796105685163826,0.00030522519554204654,907,24.78273626819033,24.999766474213857,25.048161711254973,-0.2172567898134723,-0.00023219679341934807,-0.0023035498332326654,0.21726912568802853
srcX_200GHz,2,0.02,0.023271835489372877,0.025635816122397764,0.023269577813852537,1.1016880635942001,0.0011018408458807864,904,25.06067717302217,24.995674966573763,25.040559394731662,0.060684115018368345,-0.004323704433513598,-0.009905866356543669,0.06163913062223256
srcX_200GHz,3,0.03,0.02848261300445815,0.024528807480322434,0.028485956723639273,0.8610842078534449,0.0006734092218645208,906,25.07836891704722,24.990483608838392,25.038679032780763,0.07837585904341893,-0.009515062168883759,-0.011786228307443025,0.07982622918932578
srcX_200GHz,4,0.04,0.03494617168369329,0.042331766696221136,0.03493874939393075,1.2115993683384283,0.0013323533677161016,903,24.65600514196854,24.98941091856234,25.039318140132306,-0.3439879160352639,-0.010587752444937593,-0.011147120955900647,0.3443313014898944
srcX_200GHz,5,0.05,0.040862161199766184,0.06520429719123681,0.04083343895018465,1.5968358009420598,0.002312041469405793,920,24.8746580602971,24.991884730580008,25.03890440483786,-0.12533499770670176,-0.008113940427268318,-0.011560856250344642,0.12612831195507743
srcX_200GHz,6,0.06,0.04534786752726975,0.09170507379013886,0.04528415801263532,2.0251027691527583,0.0037132897542058586,932,25.06364981329004,24.999450261445393,25.04525008943149,0.06365675528623882,-0.0005484095618832896,-0.005215171656715256,0.0638723826237026
srcX_200GHz,7,0.07,0.04994287936492077,0.12268504971668574,0.049828493665162545,2.4621464686671968,0.005479260904676626,953,24.67106883501145,25.008168464985566,25.05590107870956,-0.32892422299235236,0.008169793978289874,0.005435817621354033,0.32907056707943827
srcX_200GHz,8,0.08,0.05452616536501674,0.1689850862277831,0.05431254334179429,3.111345479889295,0.008721128612044299,969,24.71625802015621,25.020785706694998,25.07745354966681,-0.2837350378475918,0.020787035687721556,0.026988288578603914,0.2857727073662895
srcX_200GHz,9,0.09,0.05817579703665095,0.2289055031049695,0.05779168480480741,3.9608726389981963,0.014057679308606269,974,25.02155481587967,25.036547865009176,25.112272786205576,0.021561757875868892,0.03654919400189982,0.06180752511736998,0.07497281604702083
srcX_200GHz,10,0.1,0.062101343956171326,0.29986092001122966,0.061468393735072284,4.878294384974904,0.021170133114100674,960,24.77203204157884,25.043968896065763,25.158729722594387,-0.22796101642496325,0.043970225058487244,0.10826446150618096,0.2561655701424759
srcX_200GHz,11,0.11,0.06645110761761086,0.39836845370595075,0.06538757242192356,6.092418466546149,0.03263257011574101,939,24.66382416785042,25.046787676270732,25.204745204733985,-0.33616889015338103,0.04678900526345586,0.15427994364577913,0.37282842532704563
srcX_200GHz,12,0.12,0.07076606913549395,0.5087183416497391,0.06911721173221777,7.360226619393689,0.04692351056352222,959,24.91833126161256,25.056944895056176,25.268797571644825,-0.08166179639124138,0.05694622404890026,0.21833231055661884,0.2399594116851097
srcX_200GHz,13,0.13,0.07503269185743879,0.621141610476528,0.07269375021397037,8.544635661913565,0.06222516275819536,968,24.876525531719068,25.062711225761102,25.345619433637452,-0.12346752628473467,0.06271255475382631,0.29515417254924614,0.32602619548719314
srcX_200GHz,14,0.14,0.07978078467675843,0.7324635458134314,0.07670183139099791,9.54949226804768,0.07653520885617766,966,24.700352816530117,25.065617007432905,25.424522906115023,-0.2996402414736856,0.06561833642562931,0.3740576450268165,0.48374493505222727
srcX_200GHz,15,0.15,0.08473852593913703,0.8509503425953973,0.08080252709773575,10.531234271498949,0.09156562696804728,968,24.842852906529387,25.066302606592952,25.50460281498434,-0.1571401514744153,0.06630393558567604,0.4541375538961354,0.4851083971014282
srcX_200GHz,16,0.16,0.08970162625572954,0.9664720853543232,0.08488103258701259,11.386196137088469,0.10540563882869672,968,24.911067421651193,25.065148759553864,25.60170287744729,-0.08892563635260942,0.06515008854658788,0.5512376163590851,0.562152303675428
srcX_200GHz,17,0.17,0.09505545944117577,1.07730488829972,0.08938110784125297,12.052937296470839,0.11662965175237888,974,24.775885369102742,25.066768435570825,25.70542082444216,-0.2241076889010607,0.06676976456354922,0.6549555633539548,0.6954489540237606
srcX_200GHz,18,0.18,0.100605669579598,1.1774585467262262,0.09418437401416689,12.501633726939852,0.12437474108500268,974,24.81353913823561,25.073442144757628,25.8112940570012,-0.18645391976819425,0.07344347375035198,0.7608287959129925,0.7867779005055091
srcX_200GHz,19,0.19,0.1059698362693565,1.2616651668315562,0.09896031976853704,12.749202607494846,0.12870918714466215,973,24.929416123998973,25.079930192229597,25.924145592684162,-0.0705769340048299,0.07993152122232061,0.8736803315959563,0.8801633220692944
srcX_200GHz,20,0.2,0.1110439919560314,1.331164337778159,0.10359313564663668,12.849928033058601,0.13048454185473293,974,24.853981514590743,25.083710055838605,26.05034883222292,-0.14601154341306,0.08371138483132867,0.9998835711347134,1.0139497633439982
srcX_1000GHz,0,0.0,0.0,0.0,0.0,nan,nan,908,24.999993058003803,24.999998671007276,25.050465261088206,0.0,0.0,0.0,0.0
srcX_1000GHz,1,0.01,0.010483487482902247,0.008630005645867335,0.010485022952374343,0.8230793280154969,0.0006153135036634543,910,24.995208267791668,24.99949290692728,25.049403079769316,-0.004784790212134737,-0.0005057640799961405,-0.0010621813188897988,0.004927295793125596
srcX_1000GHz,2,0.02,0.017729773963158356,0.020193262140190207,0.017727379379119987,1.1391002419666516,0.001177856592820658,901,25.001605520782647,24.996188687859078,25.048023435694805,0.0016124627788443036,-0.003809983148197915,-0.002441825393400876,0.0048040107259005715
srcX_1000GHz,3,0.03,0.024025160480355155,0.039397330025810307,0.02400671332966573,1.6410963668702614,0.002441669256299232,902,24.99880398426634,24.99596632085314,25.04967043633371,-0.0011890737374642413,-0.004032350154137276,-0.0007948247544966591,0.004278491616102428
srcX_1000GHz,4,0.04,0.029182498452587552,0.0705866369323101,0.029118104173696188,2.424149474541494,0.005312340299826959,923,24.994817887543565,24.999293452587356,25.0668244283524,-0.0051751704602374105,-0.0007052184199203282,0.01635916726419495,0.01717271311966215
srcX_1000GHz,5,0.05,0.033809384586323814,0.1261262139051344,0.03361035422973452,3.7525999590195527,0.012636361322802606,958,24.993966749517185,25.002535630363823,25.09976701518335,-0.006026308486617893,0.002536959356547186,0.04930175409514348,0.04973344461839188
srcX_1000GHz,6,0.06,0.038111625045632244,0.20683680158250126,0.03761562383905572,5.49869390622058,0.026744010939017834,965,24.982250258831723,25.007446635824042,25.155726708342865,-0.01774279917207977,0.007447964816766017,0.10526144725465869,0.10700584741273643
srcX_1000GHz,7,0.07,0.042312423060734065,0.3132808854699123,0.041264654133657076,7.591991064681869,0.04977575442632821,925,24.96848711804248,25.012686499498262,25.23034282652104,-0.031505939961324,0.012687828490985709,0.1798775654328324,0.18305612197002896
srcX_1000GHz,8,0.08,0.04690938804051028,0.44223453034127386,0.04499722598969713,9.82803985389079,0.08069964303185044,948,24.956729158640982,25.012914921799336,25.342021126353508,-0.04326389936282027,0.012916250792059714,0.29155586526530186,0.2950312137608468
srcX_1000GHz,9,0.09,0.05220412706386645,0.5929122361497798,0.04907397264022483,12.082010162425346,0.11712699431326767,988,24.943453112925788,25.014545339945226,25.48347318183659,-0.05653994507801485,0.014546668937949647,0.4330079207483841,0.4369258866186051
srcX_1000GHz,10,0.1,0.05834960422812149,0.7565680732373214,0.05373605246566645,14.079338517110372,0.15265324472126088,966,24.92507892329633,25.018539537962482,25.66180350863529,-0.07491413470747332,0.01854086695520607,0.611338247547085,0.6161901851217375
srcX_1000GHz,11,0.11,0.06548521704142285,0.9231141450257753,0.05931074870065177,15.564027857494086,0.18043056852810985,1007,24.909829299763707,25.022200617015283,25.87915340432631,-0.09016375824009515,0.022201946008006956,0.8286881432381037,0.8338743721028585
srcX_1000GHz,12,0.12,0.07331139359950334,1.078237159339571,0.06574837625979077,16.39944924387403,0.1964135692641138,1017,24.890386964794192,25.02433479368913,26.137765713357933,-0.10960609320961012,0.024336122681852146,1.0873004522697265,1.093081888991768
srcX_1000GHz,13,0.13,0.08131728649224855,1.212003332100665,0.07268761934091932,16.674137123904547,0.20171013498576118,1006,24.866901577573405,25.02705945607497,26.42786883729434,-0.13309148043039798,0.02706078506769316,1.3774035762061345,1.3840831766902897
srcX_1000GHz,14,0.14,0.08920170457642718,1.3211433600800513,0.07986171841900457,16.542886707602587,0.19917711354158382,1004,24.844267619431967,25.033821816673886,26.741177245959967,-0.15572543857183518,0.03382314566660938,1.6907119848717613,1.6982053566015465
srcX_1000GHz,15,0.15,0.09644257486518264,1.4057207841200279,0.08668182325706755,16.21701910850627,0.19290628925434153,1017,24.823667029372917,25.04753226344844,27.070643179686236,-0.17632602863088565,0.0475335924411624,2.02017791859803,2.028415424308879
srcX_1000GHz,16,0.16,0.10272535111264487,1.4698600983053705,0.09272853673946155,15.85121635678585,0.18590136589366885,1031,24.808320818592154,25.064462625063324,27.402118349643388,-0.19167223941164835,0.06446395405604832,2.3516530885551816,2.3603317770272767
srcX_1000GHz,17,0.17,0.10796700016296387,1.5188827422213973,0.097830481287495,15.525659510534839,0.17970173665922912,1044,24.79583391134286,25.077769116153206,27.7317580875834,-0.20415914666094181,0.07777044514593001,2.681292826495195,2.6901785109390253
srcX_1000GHz,18,0.18,0.11227783855982285,1.5574963774419535,0.10204482514878332,15.262864875030102,0.17472371369515788,1033,24.77909075705491,25.08310957295185,28.099011169300127,-0.22090230094889307,0.08311090194457549,3.0485459082119206,3.0576686221796825
srcX_1000GHz,19,0.19,0.11594083107159998,1.5884947101901976,0.10564677132942722,15.035903986473581,0.1704451218425494,1022,24.763253297899894,25.09193092635367,28.515413009449514,-0.23673976010390874,0.09193225534639282,3.4649477483613076,3.474242385392998
srcX_1000GHz,20,0.2,0.11913372623324153,1.614380438759569,0.10879862717857482,14.838242729936589,0.1667355361241771,1046,24.756074253480207,25.116029634766946,28.98851537517683,-0.24391880452359516,0.1160309637596697,3.9380501140886253,3.9473026573629557
srcX_1000GHz,21,0.21,0.12213125337442263,1.635738212896051,0.11179405389601277,14.631710327076625,0.1628770216570974,1071,24.757010259007053,25.140927572708144,29.499703236535353,-0.24298279899674924,0.14092890170086747,4.449237975447147,4.4580960238765535
srcX_1000GHz,22,0.22,0.12494454752562399,1.6528419557951084,0.11464083214501648,14.417567675226952,0.158896337931133,1081,24.757647376753084,25.16121786502486,30.036628863278306,-0.24234568125071831,0.16121919401758333,4.9861636021901,4.994652192650245
srcX_1000GHz,23,0.23,0.12753321768218231,1.6642431339544137,0.1173129382216949,14.186356246651762,0.1546225253423005,1049,24.755400079496177,25.176309114617275,30.56191277241265,-0.24459297850762596,0.17631044360999937,5.5114475113244445,5.519688828887513
srcX_1000GHz,24,0.24,0.12975553287685443,1.6706292062051376,0.11964642413669825,13.963051702208942,0.15052000236238336,1088,24.756225037875666,25.193544639265497,31.11261805887035,-0.2437680201281367,0.19354596825822057,6.062152797782144,6.07013833723121
srcX_1000GHz,25,0.25,0.131546614089382,1.6753503933157263,0.1215292096955776,13.785577948810538,0.14727797497180697,1072,24.748528935634443,25.229209816812418,31.65916503148564,-0.25146412236935944,0.22921114580514157,6.608699770397433,6.617453030392538
srcX_1000GHz,26,0.26,0.13284242096403587,1.6802493322022296,0.12287114076363465,13.674889984414646,0.14526458509590925,1077,24.744126529307515,25.247675213379125,32.172808761174075,-0.2558665286962878,0.247676542371849,7.122343500085869,7.131240304699022
srcX_1000GHz,27,0.27,0.1337031128564233,1.6829140886126894,0.1237691173415093,13.59720522179307,0.14385557714076083,1089,24.735442657349633,25.269849379603926,32.71621253986235,-0.26455040065416924,0.2698507085966497,7.665747278774141,7.675056199237211
srcX_1000GHz,28,0.28,0.13421632688734403,1.6825143765508537,0.12432876553888722,13.532784382264307,0.14268973048140574,1107,24.73638465095294,25.30201858886734,33.31164868127866,-0.26360840705086375,0.3020199178600649,8.261183420190456,8.270904238659869
srcX_1000GHz,29,0.29,0.1345107716499023,1.6822140786322577,0.12465054125128357,13.495441429661144,0.14201500940633188,1086,24.74366053902243,25.330244835346825,33.95705992889117,-0.2563325189813739,0.3302461643395489,8.906594667802963,8.916400476979737
srcX_1000GHz,30,0.3,0.13465602981854513,1.6836086836551374,0.12479032664935262,13.491499933211141,0.14194384045347203,1130,24.744320814530965,25.360924883392872,34.626980092994565,-0.2556722434728371,0.3609262123855963,9.576514831906358,9.586723754891027
srcX_1000GHz,31,0.31,0.13470495162036059,1.6844213392851466,0.12483319961940746,13.493376316722033,0.1419777199294302,1088,24.745477133728414,25.375120707106834,35.28234840384911,-0.25451592427538827,0.3751220360995582,10.231883142760907,10.241920110252376
srcX_1000GHz,32,0.32,0.13470202268636328,1.683632883377929,0.12483970272620551,13.48635767797701,0.14185100371677184,1098,24.750205227527143,25.402972544479837,35.95296357704767,-0.24978783047665942,0.4029738734725612,10.902498315959463,10.912802180579224
srcX_1000GHz,33,0.33,0.13468113915000005,1.682961586846652,0.12482537610863728,13.482527666345238,0.14178186778160282,1140,24.75553597198135,25.427219016249122,36.61839241836435,-0.24445708602245375,0.42722034524184593,11.567927157276145,11.57839432764069
srcX_1000GHz,34,0.34,0.13469421537434387,1.6841908418504798,0.12482443040555442,13.492477685486293,0.14196149423148866,1120,24.75440788012806,25.45772946900292,37.308413171875955,-0.24558517787574274,0.4577307979956444,12.257947910787749,12.268949284539884
srcX_1000GHz,35,0.35000000000000003,0.13473657075416623,1.6847329369176314,0.12486352899936282,13.49259427807962,0.14196359940259262,1120,24.750160286803663,25.49517668077092,37.991794256781795,-0.2498327712001398,0.4951780097636451,12.941328995693588,12.953208631443356
srcX_1000GHz,36,0.36,0.13484256669566394,1.684362541340583,0.12498253981624848,13.476782787555464,0.14167818232251242,1147,24.756584016825848,25.527730215118336,38.61182356937132,-0.24340904117795503,0.5277315441110595,13.561358308283111,13.573805203759791
srcX_1000GHz,37,0.37,0.13494024932220733,1.6837086152122311,0.12509601897488495,13.459330113057097,0.14136330826923627,1108,24.768241635831842,25.566427203259472,39.08836384801126,-0.23175142217196054,0.5664285322521962,14.037898586923056,14.051232925994945
srcX_1000GHz,38,0.38,0.13457440225938977,1.6845721161227127,0.12469033594513122,13.510045532830969,0.14227878409268163,1062,24.777628355899388,25.60758637274139,39.221188807975985,-0.2223647021044144,0.6075877017341149,14.170723546887778,14.185486058586793
srcX_1000GHz,39,0.39,0.1334726167273969,1.685215834929373,0.1234913346236951,13.646429849224575,0.1447479965171792,893,24.78425262787478,25.645476528083883,38.95359989789945,-0.21574043012902422,0.6454778570766067,13.903134636811245,13.919782265770863
srcX_1000GHz,40,0.4,0.13231484142858282,1.6848846753883366,0.12224206392991553,13.783182492356508,0.14723433111968534,807,24.787341743774896,25.670330951314018,38.504890806239125,-0.21265131422890704,0.6703322803067415,13.454425545150919,13.472792312563648
srcX_1000GHz,41,0.41000000000000003,0.1314367204564864,1.684517620557593,0.12129480582960335,13.887796835455815,0.14914322724940757,744,24.7925653049301,25.68120591259477,38.03686827492537,-0.2074277530737021,0.6812072415874937,12.986403013837162,13.005911456585247
srcX_1000GHz,42,0.42,0.1307684752444732,1.6855387778775708,0.12055673237106339,13.981291170779459,0.15085413731196476,712,24.785332230056458,25.684288334360968,37.608917553777246,-0.21466082794734476,0.6842896633536917,12.55845229268904,12.57891313278593
srcX_1000GHz,43,0.43,0.13020777391669244,1.686961780102962,0.11992956883658831,14.066270699276464,0.15241317385420727,701,24.769572515233463,25.678638010522768,37.214849911550665,-0.2304205427703394,0.6786393395154917,12.164384650462459,12.18547901824443
srcX_1000GHz,44,0.44,0.12975294734973675,1.6861877004461219,0.11944509200161905,14.116843749622344,0.15334274007824836,690,24.753429299664337,25.67349720209898,36.85004562219238,-0.24656375833946598,0.6734985310917025,11.799580361104177,11.821357394836877
srcX_1000GHz,45,0.45,0.12936520478521366,1.6847590756539617,0.11904177540970859,14.152670941402636,0.1540020482168165,698,24.732371503054186,25.65700942421393,36.50753867354168,-0.26762155494961704,0.6570107532066523,11.457073412453475,11.479016316952038
srcX_1000GHz,46,0.46,0.1289854118768942,1.6840114035588707,0.11863820833708813,14.194511423959382,0.15477282692921615,689,24.706594739261405,25.6368354132612,36.19007715311931,-0.29339831874239763,0.636836742253923,11.139611892031105,11.161657435829424
srcX_1000GHz,47,0.47000000000000003,0.1286416113462186,1.6835806936297555,0.11826956448631988,14.235113665481482,0.15552162289247204,692,24.677328153462103,25.61462804745918,35.89306027970898,-0.3226649045416998,0.6146293764519051,10.842595018620777,10.86479399937434
srcX_1000GHz,48,0.48,0.1283315514080444,1.6818719356292955,0.11795408771858669,14.258699873478598,0.15595697654009802,692,24.657602959884365,25.591743080144102,35.613186887800296,-0.3423900981194379,0.591744409136826,10.56272162671209,10.584823125043055
srcX_1000GHz,49,0.49,0.1281313572299733,1.6801052103298393,0.11775897378619095,14.267322109823425,0.15611619328492782,696,24.6428626956835,25.570163995256927,35.347758092340385,-0.3571303623203015,0.5701653242496505,10.297292831252179,10.319247561970071
srcX_1000GHz,50,0.5,0.12812992628914333,1.6812467472455952,0.1177426074931208,14.279000465857896,0.15633190142205836,701,24.631370057565686,25.55128667341003,35.103269711041705,-0.3686230004381166,0.5512880024027531,10.052804449953499,10.074655263930874
srcZ_100GHz,0,0.0,0.0,0.0,0.0,nan,nan,908,24.999993058003803,24.999998671007276,25.050465261088206,0.0,0.0,0.0,0.0
srcZ_100GHz,1,0.01,0.02193262353380193,0.03422451182457588,0.02191831731042682,1.5614570835825452,0.0022109514415670703,905,24.998917116342266,25.005880918713572,24.51391890123413,-0.0010759416615364614,0.005882247706296084,-0.536546359854075,0.5365796816514726
srcZ_100GHz,2,0.02,0.030138754838205908,0.02478687262560026,0.030143186582661463,0.8223043226577051,0.0006141560113023509,904,24.998338142202215,25.000390451195564,24.51336508999775,-0.0016549158015877197,0.0003917801882877825,-0.5371001710904544,0.5371028635405155
srcZ_100GHz,3,0.03,0.03892435529951428,0.05196789748162425,0.03891051235142192,1.3355747416604031,0.0016185021671197284,910,25.006020469721584,24.99616892660097,24.972247876018997,0.006027411717781206,-0.003829744406306901,-0.07821738506920894,0.07854270151515158
srcZ_100GHz,4,0.04,0.04472932208409794,0.07138924667153573,0.04469786116498359,1.5971512911553414,0.002312953036164542,919,25.011875566721372,24.999859425170673,25.416406172290106,0.011882508717569351,-0.00013924583660340772,0.36594091120189987,0.3661338059973469
srcZ_100GHz,5,0.05,0.05094753359246815,0.08737226867325648,0.05090257635404098,1.7164606377790992,0.0026704641063211697,927,25.015477021645896,25.004596249309532,25.3334130768104,0.015483963642093812,0.004597578302256267,0.28294781572219563,0.2834084636673306
srcZ_100GHz,6,0.06,0.0577545679018913,0.1019816402766002,0.0576989563857453,1.7674780735166826,0.002831112689615722,929,25.014571059576248,25.006085607135265,24.680610404407254,0.014578001572445487,0.006086936127989162,-0.3698548566809521,0.3701920905850908
srcZ_100GHz,7,0.07,0.06389773232211389,0.13575520012024267,0.06379562434650665,2.1279703978267657,0.004098527993607362,945,25.016482612757304,25.014704432140967,24.52884687881106,0.01648955475350178,0.014705761133690487,-0.521618382277147,0.5220861054997707
srcZ_100GHz,8,0.08,0.07045222627263342,0.1625818813763696,0.07031361389084884,2.312239015743853,0.004835492295941111,948,25.02225417684919,25.010352632503995,24.734323050539334,0.02226111884538895,0.010353961496718966,-0.3161422105488718,0.3170940857563434
srcZ_100GHz,9,0.09,0.07490469535614894,0.168043293193161,0.07476729659033081,2.247550745534017,0.004569936150676075,946,25.026369157133153,25.01749264424097,25.251942733205368,0.026376099129350905,0.017493973233694504,0.20147747211716194,0.20394830098705
srcZ_100GHz,10,0.1,0.08002771650341235,0.19550056465365903,0.07984685462570328,2.4484441568813655,0.005418773904836573,960,25.02545381620886,25.02972291414667,25.332689163177516,0.025460758205056777,0.0297242431393947,0.28222390208931003,0.28492474751959096
srcZ_100GHz,11,0.11,0.08372598376490943,0.18780301620030726,0.08357246567013983,2.247187691476819,0.00456846662143333,972,25.01646108134347,25.02946248904825,25.199206357604194,0.016468023339665905,0.029463818040973422,0.14874109651598744,0.15252287093759304
srcZ_100GHz,12,0.12,0.0876237344800541,0.2258759942600512,0.0873986756197493,2.584432689149473,0.00603368295013198,989,25.008989741286634,25.02944778780427,24.97941843078839,0.008996683282830986,0.029449116796993025,-0.07104683029981729,0.07743282821817593
srcZ_100GHz,13,0.13,0.09067567769482222,0.25391780388394136,0.09039333566502772,2.809032347527138,0.007120172818149582,993,25.01207212803785,25.024797568067523,24.899157334171296,0.012079070034047845,0.02479889706024707,-0.15130792691691042,0.15380174893734228
srcZ_100GHz,14,0.14,0.09402061886116704,0.33855092252001084,0.09350798951126857,3.620556107445903,0.011773013463641511,981,25.011749246679216,25.030536507609828,25.051407042498763,0.01175618867541317,0.030537836602551494,0.0009417814105567857,0.03273613277040092
srcZ_100GHz,15,0.15,0.09722623671527028,0.45041620204966054,0.09631798629790377,4.676345710307518,0.019487086139700353,992,25.005475755120884,25.027186175062987,25.184986281613188,0.005482697117081159,0.027187504055710576,0.13452102052498205,0.1373503742533655
srcZ_100GHz,16,0.16,0.10042594242667222,0.6086005168858651,0.09878214316999046,6.161037788363708,0.033347144415785755,1006,25.005056673056345,25.019585713214948,25.455081976609765,0.005063615052542048,0.0195870422076716,0.4046167155215592,0.40512217774308507
srcZ_100GHz,17,0.17,0.10455910734470225,0.7875159582473151,0.10187691729975504,7.730072514171066,0.05150872987497075,1039,25.007465458798546,25.020275096458516,25.57803220976779,0.007472400794743095,0.020276425451239533,0.5275669486795849,0.5280093328169538
srcZ_100GHz,18,0.18,0.10920879540129586,0.9571548626076354,0.10537923934813544,9.082954750181266,0.0697485261550499,1063,25.00065333922975,25.017281915525956,25.74173014996159,0.0006602812259473012,0.017283244518679908,0.6912648888733841,0.6914812311997498
srcZ_100GHz,19,0.19,0.11439571693376444,1.1010500981462665,0.10952850858202329,10.052634810796464,0.08411636165797087,1072,24.989207246158315,25.01578465075651,25.892139323372128,-0.010785811845487103,0.015785979749232126,0.8416740622839214,0.8418911794378937
srcZ_100GHz,20,0.2,0.11948620289855995,1.2216719874217397,0.11372564469548854,10.742273571566773,0.09492040003237838,1076,24.9760898552124,24.9961542808153,26.119119668610463,-0.023903202791402123,-0.0038443901919755774,1.0686544075222564,1.068928615556895
srcZ_100GHz,21,0.21,0.1248204843797683,1.323639320379816,0.11833018233776892,11.185982259382808,0.1021065121156297,1099,24.972990892846493,24.981351805988968,26.392315556239954,-0.027002165157309577,-0.018646865018308034,1.3418502951517475,1.342251480571739
srcZ_100GHz,22,0.22,0.12996233224586118,1.4070751391503238,0.12290732669886187,11.448260872175926,0.10643523792376658,1121,24.97342754713569,24.963552431632408,26.57209211174581,-0.026565510868113762,-0.03644623937486813,1.5216268506576043,1.5222950855121464
srcZ_100GHz,23,0.23,0.1348655830327926,1.4747945811149206,0.12739130151296246,11.576886047944612,0.1085792022495023,1128,24.98155789674924,24.95339005031123,26.755725022141956,-0.018435161254561905,-0.04660862069604477,1.7052597610537497,1.7059962108289577
srcZ_100GHz,24,0.24,0.13864851559001504,1.5265959765310633,0.1308543798652233,11.666372788617535,0.11007878486988844,1129,24.986369354363354,24.951823609890422,27.003641188842433,-0.01362370364044807,-0.04817506111685432,1.953175927754227,1.9538174547723441
srcZ_100GHz,25,0.25,0.14170059708854743,1.5678064064716972,0.13365403028527792,11.730333931010476,0.11115457885031359,1142,24.993432550944192,24.958733358679925,27.407242675784424,-0.006560507059610643,-0.041265312327350756,2.356777414696218,2.357147778285558
srcZ_100GHz,26,0.26,0.14421027659176666,1.6016489800598355,0.1359562933610683,11.780616700149572,0.11200260193796588,1135,25.000348549477707,24.974366468169297,27.811143890447298,0.0003554914739041237,-0.02563220283797918,2.7606786293590915,2.7607976439421464
srcZ_100GHz,27,0.27,0.14668867172392758,1.6286388099344253,0.13829857417654218,11.776251632612063,0.11192890519116686,1154,24.999236945188574,24.992805918042187,28.161184041553618,-0.0007561128152282492,-0.007192752965089255,3.1107187804654117,3.1107271880610208
srcZ_100GHz,28,0.28,0.14912236724001823,1.6475312345845252,0.14067982209074922,11.711212099214498,0.11083261591727657,1158,25.000653206994315,25.003531807441608,28.464179737326855,0.0006601489905122548,0.0035331364343313965,3.413714476238649,3.413716368436468
srcZ_100GHz,29,0.29,0.15138433471265628,1.6602635632389922,0.14294366187651839,11.614810628492277,0.10921393345924793,1176,25.009374391446404,25.01374091925192,28.828965710510197,0.009381333442600948,0.013742248244643207,3.7785004494219905,3.7785370853130664
srcZ_100GHz,30,0.3,0.15322121888195225,1.6685846107800368,0.14480245195758976,11.523179257135354,0.10768234148103503,1183,25.01761891288245,25.023382238619767,29.369992309604562,0.01762585487864854,0.023383567612491163,4.319527048516356,4.319626301528746
srcZ_100GHz,31,0.31,0.1547074479724798,1.674802411745017,0.1463110571178992,11.446861534158975,0.1064119886528931,1168,25.0233240992196,25.02819547512812,29.816099581088437,0.023331041215797654,0.028196804120842245,4.765634320000231,4.765774844577837
srcZ_100GHz,32,0.32,0.15574218868754974,1.6792791803495717,0.1473594443643492,11.395802879098268,0.10556479495663465,1169,25.012919426365666,25.02288118075587,30.14537110085154,0.012926368361863894,0.022882509748594515,5.094905839763335,5.0949736227291655
srcZ_100GHz,33,0.33,0.15607872340788884,1.6810197110940865,0.1476974079948446,11.38151125274157,0.10532805190735475,1165,24.991300227068958,25.014759263727413,30.48899372070776,-0.008692830934844409,0.014760592720136856,5.438528459619555,5.438555437475926
srcZ_100GHz,34,0.34,0.15590343732916329,1.6819938927571487,0.1475019017438943,11.40320140195598,0.10568742008969682,1181,24.96712151288347,24.998006308672053,31.01016569480643,-0.03287154512033297,-0.0019923623352227082,5.9597004337182256,5.959791419810552
srcZ_100GHz,35,0.35000000000000003,0.15552194316421364,1.6827326936495821,0.14709057367094833,11.4401123855426,0.10629987799943796,1197,24.95589483015215,24.97486398075875,31.53180566412718,-0.04409822785165218,-0.02513469024852455,6.481340403038974,6.481539155665031
srcZ_100GHz,36,0.36,0.15551636332920712,1.6833808657247429,0.14707792781158255,11.44550301171822,0.10638941907312327,1193,24.956032100231045,24.965831125416088,31.83083954447543,-0.043960957772757325,-0.034167545591188286,6.780374283387225,6.780602879523239
srcZ_100GHz,37,0.37,0.15567614722549108,1.6834313648635482,0.14724649765518547,11.432742996751774,0.10617750789891053,1195,24.973031082162315,24.9675074695663,32.06906728235478,-0.02696197584148763,-0.03249120144097617,7.018602021266574,7.018729013093438
srcZ_100GHz,38,0.38,0.1555979526912325,1.6823789944665595,0.14717468582801074,11.431170958520665,0.10615140977515,1188,24.985953375048915,24.981398959566853,32.54323754329873,-0.014039682954887667,-0.01859971144042305,7.492772282210524,7.492808521177185
srcZ_100GHz,39,0.39,0.15537245725609988,1.6822412685362107,0.14693748043685464,11.448687316093881,0.10644232339138196,1206,24.99356807699715,24.996788999491567,33.2382819765722,-0.006424981006652786,-0.003209671515708834,8.187816715483997,8.187819865430074
srcZ_100GHz,40,0.4,0.1552932262767216,1.6830594447968779,0.14684510231180875,11.46146121525452,0.10665463499665372,1205,25.00597241642656,25.001934628569778,33.69543637537638,0.00597935842275632,0.0019359575625017555,8.644971114288175,8.644973398891159
srcZ_100GHz,41,0.41000000000000003,0.15529747906403246,1.683516376171376,0.14684484365868122,11.464593064530458,0.1067067093633374,1205,25.023346116880692,25.001860242393256,33.85933918620649,0.02335305887688932,0.0018615713859801986,8.808873925118284,8.808905077217926
srcZ_100GHz,42,0.42,0.1552090974066708,1.6827338114897603,0.14675944333607344,11.465932094307316,0.10672897637422284,1229,25.038760612195304,25.004751553061986,34.04246919264582,0.038767554191501574,0.004752882054710028,8.992003931557612,8.992088757251752
srcZ_100GHz,43,0.43,0.15511359152229018,1.6824087799725165,0.1466617321679668,11.471354900170617,0.1068191686017372,1230,25.047016385552304,25.013774681002023,34.5011398886008,0.04702332754850147,0.013776009994746374,9.45067462751259,9.450801653134794
srcZ_100GHz,44,0.44,0.15525051446300211,1.6824660567143208,0.14680607314740485,11.460466318889903,0.10663809420983977,1216,25.03298840074565,25.026515518947328,34.92918998792445,0.03299534274184879,0.02651684794005149,9.878724726836246,9.87881541807889
srcZ_100GHz,45,0.45,0.15517486203875486,1.6830953667991921,0.1467194345075851,11.47152299521833,0.10682196475265568,1140,25.025421870224708,25.03735168543622,34.97338085893149,0.025428812220905428,0.037353014428944675,9.922915597843286,9.923018484014804
srcZ_100GHz,46,0.46,0.15448476155474208,1.6824681174889962,0.14599527583671612,11.524127118816505,0.10769814947603577,1018,25.02337187771013,25.02163641560241,34.71038663978279,0.023378819706326937,0.021637744595132347,9.659921378694584,9.659973902851016
srcZ_100GHz,47,0.47000000000000003,0.15374330979800538,1.6819507041805721,0.1452152151140199,11.582468840196531,0.10867256600833725,914,25.004517380245126,25.008920180532748,34.41034684607324,0.004524322241323375,0.00892150952547155,9.359881584985033,9.359886930287454
srcZ_100GHz,48,0.48,0.15315099848072541,1.682722507010404,0.144579239275066,11.63875612742005,0.10961530348511683,867,24.984769039110464,25.01893955275231,34.17482443618015,-0.015224018893338354,0.018940881745034943,9.124359175091946,9.12439153499219
srcZ_100GHz,49,0.49,0.15275426682156865,1.683684533287149,0.14414832823474044,11.68022240636276,0.11031144998333733,839,24.97429475050132,25.02675416828257,33.86386018448209,-0.02569830750248414,0.026755497275292583,8.813394923393886,8.813473000772628
srcZ_100GHz,50,0.5,0.15240309177243155,1.683970678477425,0.14377275023669514,11.712724947565377,0.11085807778552155,811,24.976830217523357,25.026501094214364,33.52082633961578,-0.023162840480445368,0.026502423207087844,8.470361078527574,8.470434209428097
srcZ_1100GHz,0,0.0,0.0,0.0,0.0,nan,nan,908,24.999993058003803,24.999998671007276,25.050465261088206,0.0,0.0,0.0,0.0
srcZ_1100GHz,1,0.01,0.009897200137733814,0.011779987922640012,0.009895326077887337,1.1904598019224701,0.0012863253660031328,909,24.99992063238179,25.00016249345677,25.047421180628003,-7.242562201170699e-05,0.00016382244949397773,-0.0030440804602029914,0.003049345686187718
srcZ_1100GHz,2,0.02,0.016326637390172153,0.023141592024989027,0.016319149424582798,1.4180636148921497,0.0018242267496797883,911,24.99966233973241,24.999347786927476,25.04263870667658,-0.0003307182713925272,-0.0006508840797998516,-0.007826554411625608,0.007860532972929128
srcZ_1100GHz,3,0.03,0.02179424491427736,0.040678550256316275,0.02176963297773721,1.868591459392831,0.0031632471681116267,919,25.00077244393246,24.998438316543563,25.043335793351062,0.0007793859286557847,-0.001560354463713054,-0.0071294677371440685,0.007339717889210324
srcZ_1100GHz,4,0.04,0.02601174745800709,0.0626138112005247,0.025955016613138843,2.412397269236522,0.005261227355094858,908,25.001559802738118,24.998725410202717,25.034060019750655,0.001566744734315506,-0.001273260804559584,-0.0164052413375515,0.016528999530589915
srcZ_1100GHz,5,0.05,0.029751513649258595,0.10646321063800515,0.02959148544870453,3.597764999751506,0.011626977577466549,888,25.00200885815157,24.999819808370766,25.019292798948182,0.002015800147766811,-0.00017886263650979117,-0.031172462140023782,0.031238083135008334
srcZ_1100GHz,6,0.06,0.033318891881101,0.1825702208265242,0.03287650573288123,5.553212446294976,0.02726243428867058,893,25.00201991692334,25.000348288886244,24.97466079842226,0.0020268589195389097,0.00034961787896747865,-0.0758044626659462,0.07583236083502769
srcZ_1100GHz,7,0.07,0.03716906614095376,0.2960991087311759,0.036098671637030094,8.202493202753667,0.05762311733364362,911,25.001914828851493,25.00115157963445,24.886007513846504,0.0019217708476908513,0.0011529086271728772,-0.16445774724170192,0.16447301611300608
srcZ_1100GHz,8,0.08,0.04204371254023712,0.44421761792269976,0.039874082242662166,11.140510149407815,0.10136202778725735,856,25.001840068510926,25.001211842570374,24.75186288013779,0.0018470105071237697,0.001213171563097859,-0.2986023809504168,0.2986105576537989
srcZ_1100GHz,9,0.09,0.0483154563251047,0.6181510731326163,0.04460081818940758,13.85963527636413,0.14862878659603632,868,25.002041367946518,25.00202193846345,24.565914921754764,0.0020483099427153206,0.0020232674561739827,-0.4845503393334418,0.4845588927395454
srcZ_1100GHz,10,0.1,0.05574941742014318,0.8015652729207378,0.05026823759412618,15.945760410235673,0.18770808057563734,825,25.001348112550364,25.00323086633872,24.3273209043416,0.001355054546561263,0.003232195331442256,-0.7231443567466052,0.7231528496479469
srcZ_1100GHz,11,0.11,0.06411286100312534,0.9804833507695212,0.056925369529607986,17.22401380740362,0.21236159594291826,845,25.00059534465969,25.00344629822534,24.05959033986199,0.0006022866558872408,0.0034476272180654632,-0.9908749212262151,0.9908811020489333
srcZ_1100GHz,12,0.12,0.0729956395570811,1.1405464442595938,0.0644279762826789,17.702658224983285,0.22167563555200703,823,24.99923210189845,25.003151775940573,23.7648454329801,-0.0007609561053527614,0.003153104933296902,-1.285619828108107,1.2856239199507893
srcZ_1100GHz,13,0.13,0.08166147734519637,1.2681802924316279,0.07220118362865896,17.564536046307232,0.21898450371645464,799,24.99865889414524,25.002754738928832,23.423784984966993,-0.0013341638585622206,0.002756067921556138,-1.6266802761212134,1.6266831580321277
srcZ_1100GHz,14,0.14,0.08965653472814084,1.363186116036913,0.0797292367339807,17.09769429481972,0.20990957948159966,790,24.998229584374556,25.003049019439207,23.05846038890931,-0.0017634736292464481,0.0030503484319304164,-1.9920048721788959,1.9920079882493587
srcZ_1100GHz,15,0.15,0.09675977397225362,1.4346670114706532,0.08660459304272519,16.56571506274361,0.19961739454272692,790,24.998117645487117,25.004491951904626,22.68103289773228,-0.0018754125166857705,0.004493280897349905,-2.3694323633559264,2.3694373659718844
srcZ_1100GHz,16,0.16,0.10292288474782277,1.4914408831127124,0.0926345530251487,16.1002653373608,0.19066634242315045,773,24.99776838556963,25.005750068499193,22.266410627601697,-0.002224672434174124,0.0057513974919167765,-2.784054633486509,2.7840614630388907
srcZ_1100GHz,17,0.17,0.10825306030606154,1.5376608359583175,0.09788027500399402,15.709608865479517,0.18320047245280574,773,24.997095628592373,25.00677297210638,21.847999330980887,-0.002897429411429897,0.006774301099103042,-3.2024659301073193,3.2024744057916705
srcZ_1100GHz,18,0.18,0.11286327133779606,1.5770716798914557,0.10241731050277707,15.398487542286057,0.17728967597929807,760,24.996710263467776,25.007222691547526,21.39867208499197,-0.0032827945360267563,0.0072240205402493984,-3.6517931760962377,3.6518017969484298
srcZ_1100GHz,19,0.19,0.11691642802074567,1.6092816555824807,0.10643406481986532,15.119986804094296,0.17202790204174861,750,24.99766134517291,25.00796938190688,20.91721574890517,-0.002331712830891064,0.007970710899602551,-4.133249512183035,4.133257855382152
srcZ_1100GHz,20,0.2,0.12050295524219762,1.6354912667118031,0.11001456614202879,14.866133859041758,0.16725800476999572,733,24.997726082854214,25.00875145744467,20.43315925466332,-0.0022669751495882906,0.008752786437394633,-4.6173060064248865,4.617314859029443
srcZ_1100GHz,21,0.21,0.12395046660031381,1.6578059654192663,0.1134898146625287,14.60753081982633,0.16242650993400998,747,24.99752874914551,25.006667301057558,19.924228232409487,-0.002464308858293407,0.006668630050281621,-5.1262370286787196,5.126241958554212
srcZ_1100GHz,22,0.22,0.1270193409779582,1.6734085667688063,0.11663445489928641,14.347463347891418,0.1575977867746232,728,24.999973874104167,25.00251360162647,19.39058800897984,-1.9183899635066837e-05,0.00251493061919561,-5.659877252108366,5.659877810887598
srcZ_1100GHz,23,0.23,0.1298276286770783,1.685316449513136,0.11953745459270734,14.098647618484195,0.15300813392791293,725,25.004974439972454,25.001224264806098,18.8143916652665,0.004981381968651277,0.0012255937988214782,-6.236073595821708,6.236075705822626
srcZ_1100GHz,24,0.24,0.13213211455469134,1.6920663072538547,0.12195374478164325,13.874656414064853,0.14890313233996455,703,25.007454464768507,25.001055411031988,18.237482331759114,0.007461406764704748,0.0010567400247118997,-6.812982929329092,6.812987097053686
srcZ_1100GHz,25,0.25,0.13395556464529523,1.696504654940832,0.12387366955964008,13.695441985143056,0.14563791106947624,691,25.00758661562488,24.998259646429958,17.628211828833837,0.007593557621078162,-0.0017390245773185597,-7.422253432254369,7.4222575203866095
srcZ_1100GHz,26,0.26,0.13515979882060208,1.6973986422013594,0.12516509491796848,13.561277953041234,0.14320509708327533,677,25.00945821374152,24.994674333954016,17.023200598060424,0.009465155737718334,-0.005324337053259853,-8.027264663027783,8.027272009097034
srcZ_1100GHz,27,0.27,0.13580435926250883,1.696654061375043,0.1258706050937396,13.47935095816449,0.14172453114367348,686,25.01176137258956,24.992668602404898,16.352740958598435,0.011768314585758333,-0.007330068602378503,-8.697724302489771,8.697735352679747
srcZ_1100GHz,28,0.28,0.13593046989095406,1.6940727821056734,0.12603834112872705,13.440932076180388,0.14103157043104994,670,25.009628729562227,24.988944318115642,15.659331309206667,0.009635671558424264,-0.011054352891633812,-9.391133951881539,9.391145401231226
srcZ_1100GHz,29,0.29,0.135789202598895,1.6919553604284474,0.12591171273926693,13.43763279538642,0.14097210149162448,632,25.007777519542024,24.983708182890222,14.95127769560975,0.007784461538221876,-0.016290488117054025,-10.099187565478456,10.099203704280807
srcZ_1100GHz,30,0.3,0.13545397619348173,1.6895901988127944,0.1255787306288031,13.454429666175214,0.1412749282664634,606,25.00769094180329,24.980850017368294,14.220061051825164,0.007697883799487215,-0.019148653638982438,-10.830404209263042,10.830423872793428
srcZ_1100GHz,31,0.31,0.13501723530005058,1.6879940647367646,0.12512667157347906,13.4902818360793,0.14192184790941814,613,25.003382628002285,24.978500785187805,13.487364907142098,0.0033895699984825,-0.021497885819471207,-11.563100353946108,11.563120834952304
srcZ_1100GHz,32,0.32,0.13445789305288336,1.6867095010683781,0.12453817850754197,13.543714235118927,0.14288736514033804,619,25.001369786128315,24.975785947009935,12.747426702546175,0.001376728124512283,-0.024212723997340646,-12.303038558542031,12.30306246120679
srcZ_1100GHz,33,0.33,0.1337876110414601,1.6852765662400042,0.12383127899555313,13.609457803472447,0.14407758312631658,634,24.9992327602941,24.976032138538457,12.007165322120995,-0.0007602977097036501,-0.02396653246881897,-13.04329993896721,13.04332197987128
srcZ_1100GHz,34,0.34,0.13296462732229905,1.6837931682940213,0.12295932417299248,13.69390389560924,0.1456099636451765,658,24.995119473944772,24.975150332358425,11.302233550735012,-0.004873584059030378,-0.02484833864885161,-13.748231710353194,13.748255029396141
srcZ_1100GHz,35,0.35000000000000003,0.13182825310801594,1.6826772396277023,0.12174248375755746,13.821610892863404,0.14793484974562657,671,24.994264387864533,24.974444015005535,10.726285576344248,-0.005728670139269809,-0.02555465600174145,-14.324179684743958,14.32420362529577
srcZ_1100GHz,36,0.36,0.13027874048524615,1.6816658332352188,0.12007421714849342,14.00522004782705,0.15129276056633456,758,24.99321711092353,24.976807787012643,10.46310892185618,-0.006775947080271294,-0.023190883994633538,-14.587356339232025,14.58737634731798
srcZ_1100GHz,37,0.37,0.1287552452480314,1.6813662958996993,0.11842186213961044,14.19810722041759,0.1548391086476867,803,24.990328505608126,24.981668070323423,10.52581688011727,-0.009664552395676651,-0.018330600683853504,-14.524648380970936,14.524663163231569
srcZ_1100GHz,38,0.38,0.12772733099960223,1.6819294160047786,0.11729507437876738,14.339301329683453,0.15744675220813825,838,24.98735799807283,24.988536801078844,10.739062613251587,-0.012635059930971693,-0.011461869928432122,-14.31140264783662,14.311412815222218
srcZ_1100GHz,39,0.39,0.12714975779447238,1.6840393441644024,0.11663762718275383,14.438216764524563,0.15927926444442103,810,24.985689082869392,24.993023168743537,10.98964483143797,-0.014303975134410507,-0.006975502263738775,-14.060820429650237,14.060829435570504
srcZ_1100GHz,40,0.4,0.12665819584042734,1.684333631146633,0.11609719834856987,14.50796104561968,0.1605740991135392,780,24.98547598902036,24.995555602035672,11.200495692082034,-0.01451706898344085,-0.004443068971603736,-13.849969569006172,13.84997788982173
srcZ_1100GHz,41,0.41000000000000003,0.12618663557566945,1.6821888442485222,0.1156104739038137,14.550488268459828,0.1613647327956506,761,24.98658937212713,24.99756244903881,11.414212973301625,-0.01340368587667129,-0.002436221968466157,-13.636252287786581,13.636259092952779
srcZ_1100GHz,42,0.42,0.1260077930578093,1.6819046227837826,0.11541883108859087,14.57218555170447,0.16176842848096604,734,24.987288418914737,24.99849719036496,11.592001625337776,-0.012704639089065495,-0.0015014806423145899,-13.45846363575043,13.45846971602326
srcZ_1100GHz,43,0.43,0.12614010703217426,1.681156705330797,0.11557329078349864,14.546238961734485,0.1612856959203536,695,24.98828536660482,25.00105124664054,11.716869122663558,-0.011707691398981979,0.0010525756332633307,-13.333596138424648,13.333601319994761
srcZ_1100GHz,44,0.44,0.12670877952107623,1.6828043700061488,0.11617257464360761,14.485384137939866,0.16015470260516604,667,24.990132933874747,25.004866928443192,11.807440858708192,-0.009860124129055237,0.0048682574359162345,-13.243024402380014,13.2430289678763
srcZ_1100GHz,45,0.45,0.12752550854582084,1.6865891968114732,0.11701412937024139,14.41355164447688,0.15882188592774418,653,24.99450853698431,25.008745945770713,11.822632935313443,-0.005484521019493371,0.008747274763436508,-13.227832325774763,13.227836354959884
srcZ_1100GHz,46,0.46,0.12811414594268972,1.6885875879460759,0.11762989558687606,14.35508872571397,0.15773891974424917,667,24.9997482684556,25.010691128410876,11.77012874477271,-0.0002447895482013962,0.01069245740360003,-13.280336516315495,13.280340823004131
srcZ_1100GHz,47,0.47000000000000003,0.12824248129522325,1.686287517674024,0.11779973074714938,14.314867334404585,0.15699480232864502,679,25.005298828170286,25.009090960322634,11.660684286622683,0.00530577016648337,0.009092289315358215,-13.389780974465523,13.389785112729815
srcZ_1100GHz,48,0.48,0.12833256873261292,1.682898639958885,0.11794188614601205,14.268880165910325,0.156144967940042,675,25.00890248226824,25.003575918772448,11.502987409300411,0.00890942426443786,0.003577247765171876,-13.547477851787795,13.547481253695212
srcZ_1100GHz,49,0.49,0.12890354462903222,1.6832077781948576,0.11855948673950857,14.197158105897469,0.15482161289258842,661,25.009983534770633,24.995004957895425,11.323007863515661,0.009990476766830625,-0.00499371311185115,-13.727457397572545,13.727461941268162
srcZ_1100GHz,50,0.5,0.12986412557460153,1.6888612191030965,0.11953166709251162,14.128985733931087,0.15356611018282804,704,25.008478709161928,24.985800092722116,11.145156634100513,0.008485651158125052,-0.014198578285160579,-13.905308626987694,13.90531846516574
