name,t_ns,dx,dy,dz
srcX (+x),0.0,0.0,0.0,0.0
srcX (+x),0.01,0.016409709397368744,0.00023504624776293784,-0.024136359105362718
srcX (+x),0.02,0.012439394071506626,0.011241875664882883,-0.021036142561381865
srcX (+x),0.03,0.004079716614572959,-0.04555452168252927,0.01079977659608389
srcX (+x),0.04,0.009811008148055578,-0.020836220202451017,-0.01129763362655112
srcX (+x),0.05,-0.03348158819622072,0.016672027482130147,0.028472998813153797
srcX (+x),0.06,-0.043794710094562816,0.013082671487349984,0.0719154406784881
srcX (+x),0.07,-0.04393160931594764,-0.015551234063611474,0.10694356994539689
srcX (+x),0.08,-0.0630993591860758,-0.025585452168556344,0.13946427524367166
srcX (+x),0.09,-0.0560141507092169,0.03988005907393699,0.29809343278575545
srcX (+x),0.1,-0.011579013151859387,0.051696259730238836,0.34063597989726807
srcX (+x),0.11,-0.04350889493375121,0.03367147037172202,0.5411950948632978
srcX (+x),0.12,-0.12099790452138849,0.05122171950402077,0.691720012659232
srcX (+x),0.13,-0.07573019252066261,0.08005412770704723,0.793726739219384
srcX (+x),0.14,-0.12655286163324675,0.09848105118064154,0.9984202391581861
srcX (+x),0.15,-0.15606989284023243,0.11892475536642878,1.2065533551255074
srcX (+x),0.16,-0.1433242513422961,0.11957990708804189,1.3716379669168008
srcX (+x),0.17,-0.16662576703905432,0.10250312077244673,1.6758753268564632
srcX (+x),0.18,-0.12345507204910078,0.1297954918101567,1.8767465832372567
srcX (+x),0.19,-0.17880900793743496,0.12150350719226923,2.214715854093882
srcX (+x),0.2,-0.1536313316638385,0.13344795673004484,2.499669677819743
srcZ (+z),0.0,0.0,0.0,0.0
srcZ (+z),0.01,0.016112012144780866,-0.004891624922660043,-0.02326044481358025
srcZ (+z),0.02,-0.0032691719360968823,-0.032519415028666294,-0.0185448303781719
srcZ (+z),0.03,-0.013798641816979542,-0.031069023728370837,0.007169207655707055
srcZ (+z),0.04,-0.011097743360267032,-0.01949494640916072,-0.02403586901034416
srcZ (+z),0.05,-0.08392002159665068,-0.06583957974131494,-0.01040591087359033
srcZ (+z),0.06,-0.13442853039799374,-0.08278564076593399,-0.03629814828705591
srcZ (+z),0.07,-0.10565464035337868,-0.08495841810013971,-0.07534616110563164
srcZ (+z),0.08,-0.11534098651359771,-0.10374676368894242,-0.10875037991740301
srcZ (+z),0.09,-0.12213169215567989,-0.11002586420359252,-0.12795588092676272
srcZ (+z),0.1,-0.15340882951478108,-0.13124285964157423,-0.14345583103217052
srcZ (+z),0.11,-0.12054731594596292,-0.18805759723821683,-0.1979232441017942
srcZ (+z),0.12,-0.1166521212353473,-0.3974247897856884,-0.33475373012265663
srcZ (+z),0.13,-0.04136795052918174,-0.45873089839111003,-0.4568188463333059
srcZ (+z),0.14,0.03536988125748408,-0.47013604435331047,-0.5530251315912551
srcZ (+z),0.15,0.028428195306705817,-0.39430677741603404,-0.6494455680704192
srcZ (+z),0.16,0.05544017827943293,-0.14958849386541218,-0.8432413936696151
srcZ (+z),0.17,0.046117260524781045,-0.1471438383289652,-0.9494511387223667
srcZ (+z),0.18,0.11712506218575315,-0.13534517471587293,-1.1389596547138012
srcZ (+z),0.19,0.1845450616537434,-0.12627889121472435,-1.3218455416082548
srcZ (+z),0.2,0.4206950754919916,-0.09231753557406819,-1.464775962729874
srcZ (+z),0.21,0.3959164891825644,-0.028962014634156933,-1.615092624406856
srcZ (+z),0.22,0.43362782311601933,-0.007022463537573742,-1.9582771804440713
srcZ (+z),0.23,0.4634963130684504,0.05777488350651084,-2.143802150265202
srcZ (+z),0.24,0.4042595829565414,0.10930693129591873,-2.3937618236268468
srcZ (+z),0.25,0.39653206455006185,0.3776091647871027,-2.52147801875239
srcZ (+z),0.26,0.15181606326030206,0.3993987346603234,-2.7608051976986876
srcZ (+z),0.27,0.07439910390239035,0.4245255934202703,-2.9316482707729965
srcZ (+z),0.28,0.02699942716256132,0.46152357144582723,-3.068185409590456
srcZ (+z),0.29,-0.017702627102028856,0.4109220321309089,-3.392725425762933
srcZ (+z),0.3,-0.0448979252441859,0.48397056905121616,-3.5409503347112907
srcZ (+z),0.31,-0.15115992784061305,0.4459384344920068,-3.6223998320804114
srcZ (+z),0.32,-0.3400327015671678,0.3946427085862965,-3.848681224752568
srcZ (+z),0.33,-0.40772207480617345,0.41801093202571243,-4.010097145384656
srcZ (+z),0.34,-0.39174129189643736,0.1349257787272791,-4.118361533174841
srcZ (+z),0.35000000000000003,-0.39748376241274747,0.1291383736668088,-4.317928299446458
srcZ (+z),0.36,-0.43455600307746073,0.060570799113591534,-4.503263716114753
srcZ (+z),0.37,-0.14242764802004262,0.020947407322385207,-4.701362554177258
srcZ (+z),0.38,-0.1358651803708213,0.01168364008757905,-4.900815865727368
srcZ (+z),0.39,-0.10822725293190771,0.04312666011026423,-5.147887069002928
srcZ (+z),0.4,-0.11550756939767481,-0.03120641624205334,-5.373060548449751
srcZ (+z),0.41000000000000003,-0.1286596159469298,-0.0243381310965809,-5.54295012469661
srcZ (+z),0.42,-0.121417241275406,-0.08251463015385596,-5.7200530204146744
srcZ (+z),0.43,-0.045678229929322356,-0.09987678493599007,-5.893775181355665
srcZ (+z),0.44,-0.0032663372321906086,-0.07474824557281323,-6.0760721303972645
srcZ (+z),0.45,0.03078767514216452,-0.11531614915024946,-6.354883479584353
srcZ (+z),0.46,-8.588663039432733e-06,-0.0940102290231657,-6.486828852930735
srcZ (+z),0.47000000000000003,0.03186666107898617,-0.11868758383695167,-6.676144346481508
srcZ (+z),0.48,0.005542411842842654,-0.04455027397026612,-6.89656143767867
srcZ (+z),0.49,0.0417904688568278,-0.051456982436207,-7.102620379925774
srcZ (+z),0.5,0.05431294900646577,-0.011042666126030554,-7.390343931525217
srcZ (-z),0.0,0.0,0.0,0.0
srcZ (-z),0.01,-0.02402480775132787,0.006348972558527066,-0.013328480462327265
srcZ (-z),0.02,0.03453563761055989,0.006463653523855584,-0.030797745749190145
srcZ (-z),0.03,0.015114306011312808,-0.013575423818178224,-0.019606979380917267
srcZ (-z),0.04,0.020057305929441327,0.013517820164004492,-0.021405413707991986
srcZ (-z),0.05,0.02051814245020367,0.022833928901178524,-0.02641999016713115
srcZ (-z),0.06,0.08094054851279255,0.004204586134743948,-0.08845209145131605
srcZ (-z),0.07,0.06394487173357533,0.021626305396193146,-0.11148996883203921
srcZ (-z),0.08,0.12334274238084932,0.04591897691325286,-0.1738309930667441
srcZ (-z),0.09,0.14400798319837094,0.09462901297804295,-0.33655902992754255
srcZ (-z),0.1,0.13245002515061802,0.11728755618987208,-0.42593113076847544
srcZ (-z),0.11,0.10072686901318663,0.08614461429420218,-0.6189719363584629
srcZ (-z),0.12,0.08440788421188118,0.13243123294467554,-0.7134557167435958
srcZ (-z),0.13,0.025841086058704835,0.08146081025941143,-0.8981202068397636
srcZ (-z),0.14,-0.03565204291820834,0.10771335926391501,-1.1306046363685596
srcZ (-z),0.15,-0.08673818509991094,0.04443127306238637,-1.420979999966278
srcZ (-z),0.16,-0.10909711914801436,0.03794597812136047,-1.6618460893166829
srcZ (-z),0.17,-0.39273334846777175,0.029173898861582618,-2.0976787905150616
srcZ (-z),0.18,-0.11664868151481755,-0.020249836221854167,-2.5126400942213682
srcZ (-z),0.19,-0.08946823491476864,-0.05045649751703963,-2.9246960084772415
srcZ (-z),0.2,0.005028544428821391,-0.05229598102662436,-3.45267580680148
srcZ (-z),0.21,0.1098540529790313,-0.05144032198985827,-3.9533972900412095
srcZ (-z),0.22,0.17506214657350938,-0.01094909709037495,-4.543192296736166
srcZ (-z),0.23,0.1293023622109324,0.05151125256206157,-5.219472955758086
srcZ (-z),0.24,-0.004813833804256262,0.06693153064461299,-5.904379269420531
srcZ (-z),0.25,-0.05530156635607142,0.010722603173036306,-6.491174781200684
srcZ (-z),0.26,-0.0991093093204114,-0.02676442172533911,-7.233512808184536
srcZ (-z),0.27,-0.05562598806735864,-0.08224895219113648,-7.848582992395941
srcZ (-z),0.28,0.03248241944711694,-0.026358141920511002,-8.498278583012421
srcZ (-z),0.29,0.10936031759332111,-0.005963969231810751,-9.246213190246834
srcZ (-z),0.3,0.006824830026769035,0.06612191915747802,-9.960427649523943
srcZ (-z),0.31,-0.06935525631239159,0.14332628045123744,-10.61918750831839
srcZ (-z),0.32,-0.12151073021224691,0.007269138681536448,-11.342189499273275
srcZ (-z),0.33,-0.04802136393536216,-0.017724203862503174,-12.087178134521729
srcZ (-z),0.34,0.038409509022354626,-0.11320743190931638,-12.817586338451157
srcZ (-z),0.35000000000000003,0.12281217765784547,-0.0071088467012998535,-13.552118924447472
srcZ (-z),0.36,0.1419904015122384,0.10052486727486709,-14.21703337421171
srcZ (-z),0.37,0.04843857254094531,0.3910094046693758,-14.943652504329137
srcZ (-z),0.38,-0.04782268707791105,0.13281884226904242,-15.65785298267261
srcZ (-z),0.39,-0.04473193567338641,0.011213081422383198,-16.371341398768905
srcZ (-z),0.4,0.020204126133872794,-0.0019992719450598884,-16.95385776168678
srcZ (-z),0.41000000000000003,-0.008983705352729745,-0.020913489805035823,-17.589704143830073
srcZ (-z),0.42,-0.043719323121838016,-0.04529591575284898,-17.96591322094868
srcZ (-z),0.43,-0.0022592114337633973,-0.007444972313958687,-18.122253446537925
srcZ (-z),0.44,0.01454264727018284,-0.0073360929646817405,-18.129433008460907
srcZ (-z),0.45,0.05386440946386629,-0.009377058114321104,-18.005755870488784
srcZ (-z),0.46,0.0003030342616696658,0.009332163188616962,-17.919289071352466
srcZ (-z),0.47000000000000003,0.03578808606145501,-0.04862971904998049,-17.57882668658504
srcZ (-z),0.48,-0.04481653655926365,-0.05239172461537934,-17.376269857800775
srcZ (-z),0.49,-0.06751957554775602,0.00555092419947556,-17.168576042617634
srcZ (-z),0.5,0.009571209871523934,-0.0001501393284364383,-16.94037923266807
