figure_id,usage_status,scientific_status,provenance_type,story_module,claim_or_purpose,figure_path,figure_sha256,plot_script_path,plot_command,input_data_ids,parent_data_ids,derived_data_ids,run_ids,theory_asset_ids,initial_state_recipe_id,reproducibility,source_document_ids,comparison_method,tolerance,notes,comparison_reference_data_id
fig-formal-1-1-skyrmion-vs-hopfion,formal,unverified,external,05_papers_and_talks,External composite of a Bloch-type skyrmion an antiskyrmion and a Hopfion with a thesis-caption mismatch,09_paper_thesis_talks/bishe/thesis_v2/figures/fig1-1_skyrmion_vs_hopfion.png,5738b7e68a67689f26aaaf706b86bf01fa1423c69946dc98b23bde127223152c,N/A,N/A,N/A,N/A,N/A,N/A,N/A,N/A,source_identity_reviewed_caption_mismatch,doc-masell2021;doc-gobel2021;doc-thesis-ch01,source_identity_review,N/A,"source_locator=doi:10.1007/978-3-030-62844-4_7:Fig.1(b,c)|doi:10.1016/j.physrep.2020.10.001:Fig.2(l);thesis_panels_a_b_are_source_panels_b_c;thesis_caption_mislabels_them_as_neel_and_bloch;must_route_to_historical_archive;do_not_reuse_as_project_result",N/A
fig-formal-1-2-skyrmion-to-hopfion,formal,not_applicable,external,05_papers_and_talks,External conceptual construction sequence from skyrmion to Hopfion,09_paper_thesis_talks/bishe/thesis_v2/figures/fig1-2_skyrmion_to_hopfion.png,b2842b8749552b0abb40b453fc02648ecc2f356f577edfb9a6b9d3cbcba4aeab,N/A,N/A,N/A,N/A,N/A,N/A,N/A,N/A,source_identity_reviewed,doc-liu2020;doc-thesis-ch01,source_identity_review,N/A,source_locator=doc-liu2020:Fig.3(a-d);doi=10.7693/wl20201205;conceptual_external_figure,N/A
fig-formal-2-1-hopfion-preimage-view,formal,not_applicable,external,05_papers_and_talks,External composite illustrating Hopfion sections and preimage linking,09_paper_thesis_talks/bishe/thesis_v2/figures/fig2-1_hopfion_preimage_view.png,58f30ac60ae759544d273e2a818cd10dd32a74fc860418303f28e73b4fe49ea5,N/A,N/A,N/A,N/A,N/A,N/A,N/A,N/A,source_identity_reviewed,doc-rybakov2022;doc-kasai2025;doc-thesis-ch02,source_identity_review,N/A,source_locator=doi:10.1063/5.0099942:Fig.1(a-c)|arXiv:2511.23045v1:Fig.1(a);panel_source_identity_reviewed;conceptual_external_composite;do_not_reuse_as_project_result,N/A
fig-formal-3-1-qh-family,formal,valid,theory,01_stability,Visualize analytically constructed Hopf textures with QH 1 2 and 4,09_paper_thesis_talks/bishe/thesis_v2/figures/fig3-1_hopfion_vis_combined.png,67e16e56ac9d5f8d4b64d2366389e30871832aafd68e3d198ff177f7997d98a2,09_paper_thesis_talks/bishe/thesis_v2/figures/make_fig3-1_hopfion_vis_combined.py,/mnt/d/Research/Hopfion/hopfion/bin/python 09_paper_thesis_talks/bishe/thesis_v2/figures/make_fig3-1_hopfion_vis_combined.py 95_shared_scripts/handoff_delivery/figure_data/fig3_1_qh1_mesh.csv 95_shared_scripts/handoff_delivery/figure_data/fig3_1_qh2_p2q1_mesh.csv 95_shared_scripts/handoff_delivery/figure_data/fig3_1_qh2_p1q2_mesh.csv 95_shared_scripts/handoff_delivery/figure_data/fig3_1_qh4_mesh.csv,data-fig3-1-qh1-mesh;data-fig3-1-qh2-p2q1-mesh;data-fig3-1-qh2-p1q2-mesh;data-fig3-1-qh4-mesh,data-ref-qh1-p1q1-field;data-ref-qh2-p2q1-field;data-ref-qh2-p1q2-field;data-ref-qh4-p2q2-field,N/A,N/A,asset-hopfion-analytic-texture-generator,N/A,inputs_hash_validated,doc-thesis-ch03,numpy.testing.assert_allclose,rtol=1e-7;atol=1e-10,source_locator=doc-thesis-ch03:Fig.3-1;provenance_is_analytic_texture_not_dynamics;source_fields_are_excluded_from_delivery,N/A
fig-formal-3-4-drift-10ns,formal,valid,simulation,01_stability,Report the measured centroid trajectory during the 10 ns stability run,09_paper_thesis_talks/bishe/thesis_v2/figures/fig3-4_drift_trajectory_10ns.png,d9e50ecb0cfecb9ba9ea893b26dca3de9f7461b2b31c634c32dc57cc19c9e8bb,95_shared_scripts/handoff_delivery/validate_plot_inputs.py,/usr/bin/python3 95_shared_scripts/handoff_delivery/validate_plot_inputs.py --output shared/redraw_products/01_stability.csv 09_paper_thesis_talks/bishe/thesis_v2/figures/drift10ns_centroid_bg_mx_axis_x.csv,data-drift10ns-centroid-csv,data-drift10ns-centroid-csv,N/A,run-stability-drift10ns,N/A,init-drift-axisx-bgmx-r3r2,numeric_product_reproduced,doc-thesis-ch04,numpy.testing.assert_allclose,rtol=0;atol=0,source_locator=doc-thesis-ch04:Fig.3-4;claim_limited_to_measured_centroid_motion;historical_background_drift_interpretation_not_reused,data-reference-module01-drift
fig-formal-3-8-centered-z-drift,formal,valid,simulation,01_stability,Compare centered axial displacement for three anisotropy settings,09_paper_thesis_talks/bishe/thesis_v2/figures/fig3-8_centered_z_drift.png,1f115c86c542665174265db1f68147fb84840985c75beb011e1550632b6aa37c,09_paper_thesis_talks/bishe/thesis_v2/figures/make_fig3-8_centered_z_drift.py,python3 09_paper_thesis_talks/bishe/thesis_v2/figures/make_fig3-8_centered_z_drift.py 09_paper_thesis_talks/bishe/thesis_v2/figures/centered_stability_Ku0.csv 09_paper_thesis_talks/bishe/thesis_v2/figures/centered_stability_Ku10k.csv 09_paper_thesis_talks/bishe/thesis_v2/figures/centered_stability_Ku50k.csv,data-centered-stability-ku0-csv;data-centered-stability-ku10k-csv;data-centered-stability-ku50k-csv,data-centered-stability-ku0-csv;data-centered-stability-ku10k-csv;data-centered-stability-ku50k-csv,N/A,run-centered-stability-ku0;run-centered-stability-ku10k;run-centered-stability-ku50k,N/A,init-centered-ku10k,inputs_hash_validated,doc-thesis-ch04,numpy.testing.assert_allclose,rtol=1e-7;atol=1e-10,source_locator=doc-thesis-ch04:Fig.3-8;reports_centered_coordinate_series_only,N/A
fig-formal-3-9-centered-qh,formal,valid,simulation,01_stability,Report the stored Hopf invariant time series for centered stability cases,09_paper_thesis_talks/bishe/thesis_v2/figures/fig3-9_centered_Qh_evolution.png,5a3c5722f871dae2ed9fc1e6212b787a48bd5b70010f4750237dd3553c54eeca,09_paper_thesis_talks/bishe/thesis_v2/figures/make_fig3-9_centered_Qh_evolution.py,python3 09_paper_thesis_talks/bishe/thesis_v2/figures/make_fig3-9_centered_Qh_evolution.py 95_shared_scripts/handoff_delivery/figure_data/centered_qh_timeseries.csv,data-centered-qh-timeseries-npy,data-centered-qh-timeseries-npy,N/A,run-centered-stability-ku0;run-centered-stability-ku10k;run-centered-stability-ku50k,N/A,init-centered-ku10k,inputs_hash_validated,doc-thesis-ch04,numpy.testing.assert_allclose,rtol=1e-7;atol=1e-10,source_locator=doc-thesis-ch04:Fig.3-9;stored_Qh_series_requires_schema_and_units_manifest,N/A
fig-formal-3-7-anisotropy-summary,formal,valid,simulation,01_stability,Summarize the observed survival window across the anisotropy sweep,09_paper_thesis_talks/bishe/thesis_v2/figures/fig3-7_anisotropy_summary.png,01d9ab36a2b5c50a91a71c70cb90b62a8b3f73531f571ac0ac1a743d7d2736c3,09_paper_thesis_talks/bishe/thesis_v2/figures/redraw_fig3-7_anisotropy_summary.py,python3 09_paper_thesis_talks/bishe/thesis_v2/figures/redraw_fig3-7_anisotropy_summary.py 04_frustrated_fm_foundation/20260105_frustrated_fm/anisotropy_study/ku_critical_sweep/results/survival_table.txt,data-ku-survival-summary,data-ku-critical-sweep-tables,N/A,run-ku-critical-sweep,N/A,init-analytic-axisz-r8r4,inputs_hash_validated,doc-thesis-ch04,numpy.testing.assert_allclose,rtol=1e-7;atol=1e-10,source_locator=doc-thesis-ch04:Fig.3-7;plot_script_embeds_transcribed_values;machine_readable_source_comparison_required_before_full_reproducibility,N/A
fig-formal-3-6-anisotropy-rr-time,formal,valid,simulation,01_stability,Compare extracted torus radii over time across anisotropy settings,09_paper_thesis_talks/bishe/thesis_v2/figures/fig3-6_anisotropy_Rr_vs_time.png,f544a1c3f02fbed26bd53f342387ae21b0fad848fae83676ed2b799671afc64b,09_paper_thesis_talks/bishe/thesis_v2/figures/redraw_fig4-4_anisotropy_time.py,python3 09_paper_thesis_talks/bishe/thesis_v2/figures/redraw_fig4-4_anisotropy_time.py 09_paper_thesis_talks/bishe/thesis_v2/figures/anisotropy_Rr_vs_time.csv,data-anisotropy-rr-time-csv,data-ref-ku-critical-field-series,N/A,run-ku-critical-sweep,N/A,init-analytic-axisz-r8r4,inputs_hash_validated,doc-thesis-ch04,numpy.testing.assert_allclose,rtol=1e-7;atol=1e-10,source_locator=doc-thesis-ch04:Fig.3-6;cached_csv_is_the_delivery_input;field_series_is_excluded,N/A
fig-formal-3-3-size-convergence,formal,valid,simulation,01_stability,Compare extracted Hopfion dimensions across simulation cell sizes,09_paper_thesis_talks/bishe/thesis_v2/figures/fig3-3_size_convergence.png,ac7c27a702b3427651dfa3b550fb3a967b65a89d579be3b5694c28191805a818,09_paper_thesis_talks/bishe/thesis_v2/figures/redraw_fig4-6_size_convergence.py,python3 09_paper_thesis_talks/bishe/thesis_v2/figures/redraw_fig4-6_size_convergence.py 09_paper_thesis_talks/bishe/thesis_v2/figures/size_convergence_cache.csv,data-size-convergence-cache-csv,data-ref-size-convergence-field-series,N/A,run-size-convergence,N/A,init-analytic-axisz-r8r4,inputs_hash_validated,doc-thesis-ch04,numpy.testing.assert_allclose,rtol=1e-7;atol=1e-10,source_locator=doc-thesis-ch04:Fig.3-3;cached_csv_is_the_delivery_input;field_series_is_excluded,N/A
fig-formal-4-12-point-frequency-response,formal,valid,simulation,02_spinwave_control,Show point-source displacement response versus drive frequency,09_paper_thesis_talks/bishe/thesis_v2/figures/fig4-12_point_source_freq_response.png,05f0ea0d2bffcb42f386b6d6c210aa41dbaca82211db47bdfcdf420370d299f0,09_paper_thesis_talks/bishe/thesis_v2/figures/redraw_fig4-12_point_source_freq_response.py,python3 09_paper_thesis_talks/bishe/thesis_v2/figures/redraw_fig4-12_point_source_freq_response.py 04_frustrated_fm_foundation/20260105_frustrated_fm/spin_wave_dynamics/freq_sweep/point_source/results/point_source_summary.txt,data-point-source-frequency-summary,data-point-source-sweep-tables,N/A,run-point-source-frequency-sweep,N/A,init-analytic-axisz-r8r4,inputs_hash_validated,doc-thesis-ch05,numpy.testing.assert_allclose,rtol=1e-7;atol=1e-10,source_locator=doc-thesis-ch05:Fig.4-12;plot_script_embeds_summary_values;purpose_is_response_window_not_eigenfrequency,N/A
fig-formal-4-1-direction-selectivity,formal,valid,simulation,02_spinwave_control,Compare Hopfion centroid response for four plane-wave source directions,09_paper_thesis_talks/bishe/thesis_v2/figures/fig4-1_direction_selectivity.png,97bb088a40122f7f639e506a0213224d70ced159348e8a2854909c8d7a06e8c5,95_shared_scripts/handoff_delivery/validate_plot_inputs.py,/usr/bin/python3 95_shared_scripts/handoff_delivery/validate_plot_inputs.py --output shared/redraw_products/02_spinwave_control.csv 95_shared_scripts/handoff_delivery/figure_data/direction_srcX_vibX_centroid.csv 95_shared_scripts/handoff_delivery/figure_data/direction_srcX_vibZ_centroid.csv 95_shared_scripts/handoff_delivery/figure_data/direction_srcY_vibX_centroid.csv 95_shared_scripts/handoff_delivery/figure_data/direction_srcZ_vibX_centroid.csv 95_shared_scripts/handoff_delivery/figure_data/direction_srcZ_vibZ_centroid.csv,data-direction-srcx-vibx-centroid;data-direction-srcx-vibz-centroid;data-direction-srcy-vibx-centroid;data-direction-srcz-vibx-centroid;data-direction-srcz-vibz-centroid,data-ref-direction-selectivity-field-series,N/A,run-plane-direction-selectivity,N/A,init-analytic-axisz-r8r4,numeric_product_reproduced,doc-thesis-ch05,numpy.testing.assert_allclose,rtol=0;atol=0,source_locator=doc-thesis-ch05:Fig.4-1;spatial_fields_must_be_reduced_to_centroid_data;full_fields_are_excluded,data-reference-module02-direction
fig-formal-4-3-srcx-displacement,formal,valid,simulation,02_spinwave_control,Show in-plane displacement response for the srcX frequency sweep,09_paper_thesis_talks/bishe/thesis_v2/figures/fig4-3_srcX_displacement.png,ca44794795c70ba289d4d741c0191c95325b94a0eb62beef5460dd1763509209,09_paper_thesis_talks/bishe/thesis_v2/figures/make_fig4-3_srcX_displacement.py,python3 09_paper_thesis_talks/bishe/thesis_v2/figures/make_fig4-3_srcX_displacement.py 09_paper_thesis_talks/bishe/thesis_v2/figures/fig5-3_srcX_cache.csv,data-srcx-displacement-cache-csv,data-ref-srcx-frequency-field-series,N/A,run-plane-srcx-frequency-sweep,N/A,init-analytic-axisz-r8r4,inputs_hash_validated,doc-thesis-ch05,numpy.testing.assert_allclose,rtol=1e-7;atol=1e-10,source_locator=doc-thesis-ch05:Fig.4-3;response_plot_only;no_eigenmode_claim,N/A
fig-formal-4-5-srcz-trajectory,formal,valid,simulation,02_spinwave_control,Show axial trajectory response for the srcZ frequency sweep,09_paper_thesis_talks/bishe/thesis_v2/figures/fig4-5_srcZ_trajectory.png,ceea0ea2355636697b9a9e3512f66f17fd7f529e54cb020180528fff4d7a1a86,09_paper_thesis_talks/bishe/thesis_v2/figures/redraw_fig5-3_srcZ_trajectory.py,python3 09_paper_thesis_talks/bishe/thesis_v2/figures/redraw_fig5-3_srcZ_trajectory.py 09_paper_thesis_talks/bishe/thesis_v2/figures/fig5-3_srcZ_cache.csv,data-srcz-trajectory-cache-csv,data-ref-srcz-frequency-field-series,N/A,run-plane-srcz-frequency-sweep,N/A,init-analytic-axisz-r8r4,inputs_hash_validated,doc-thesis-ch05,numpy.testing.assert_allclose,rtol=1e-7;atol=1e-10,source_locator=doc-thesis-ch05:Fig.4-5;kinematic_response_only;no_resonance_or_eigenmode_claim,N/A
fig-formal-4-8-amplitude-trajectory,formal,valid,simulation,02_spinwave_control,Compare trajectory response across the sampled drive amplitudes,09_paper_thesis_talks/bishe/thesis_v2/figures/fig4-8_amplitude_trajectory.png,a4307c47ad8c25328d69ebb0be2b168d32bc9fc26b0bba2bfe695aa57668d856,09_paper_thesis_talks/bishe/thesis_v2/figures/redraw_fig5-6_amplitude_trajectory.py,python3 09_paper_thesis_talks/bishe/thesis_v2/figures/redraw_fig5-6_amplitude_trajectory.py 09_paper_thesis_talks/bishe/thesis_v2/figures/fig5-6_amplitude_cache.csv,data-amplitude-trajectory-cache-csv,data-ref-amplitude-sweep-field-series,N/A,run-plane-amplitude-sweep,N/A,init-analytic-axisz-r8r4,inputs_hash_validated,doc-thesis-ch05,numpy.testing.assert_allclose,rtol=1e-7;atol=1e-10,source_locator=doc-thesis-ch05:Fig.4-8;qualitative_sampled_amplitude_window_only;old_three_point_power_law_claim_not_reused,N/A
fig-formal-4-10-multisource-baseline,formal,valid,simulation,02_spinwave_control,Compare the individual source baselines used by multisource control,09_paper_thesis_talks/bishe/thesis_v2/figures/fig4-10_multisource_baseline.png,2b21d16a95a2e882044f9f03f100dae0ebf7e1c8398035e9e66bc14c122afde1,09_paper_thesis_talks/bishe/thesis_v2/figures/redraw_fig5-7_multisource_baseline.py,python3 09_paper_thesis_talks/bishe/thesis_v2/figures/redraw_fig5-7_multisource_baseline.py 09_paper_thesis_talks/bishe/thesis_v2/figures/fig5-7_baseline_cache.csv,data-multisource-baseline-cache-csv,data-ref-multisource-baseline-field-series,N/A,run-multisource-baselines,N/A,init-analytic-axisz-r8r4,inputs_hash_validated,doc-thesis-ch05,numpy.testing.assert_allclose,rtol=1e-7;atol=1e-10,source_locator=doc-thesis-ch05:Fig.4-10;baseline_kinematics_only,N/A
fig-formal-4-11-frequency-switch,formal,superseded,simulation,02_spinwave_control,Archive the former bidirectional frequency-switch interpretation,09_paper_thesis_talks/bishe/thesis_v2/figures/fig4-11_freq_switch_z_control.png,8e5e2e2f41dc8443af91a62eaab8e575b2911e7bfb5e2351dc4f20d5b8df12a0,09_paper_thesis_talks/bishe/thesis_v2/figures/redraw_fig4-11_freq_switch_z_control.py,python3 09_paper_thesis_talks/bishe/thesis_v2/figures/redraw_fig4-11_freq_switch_z_control.py 04_frustrated_fm_foundation/20260105_frustrated_fm/spin_wave_dynamics/multisource_control/bidirectional_z/freq_switch_bidirectional_v3.out/table.txt,data-frequency-switch-v3-series,data-frequency-switch-v3-tables,N/A,run-frequency-switch-v3,N/A,init-analytic-axisz-r8r4,historical_only,doc-thesis-ch05;doc-progress-hopfion,not_run,N/A,source_locator=doc-thesis-ch05:Fig.4-11;trajectory_collapses_near_0.91ns;thesis_panel_stops_at_0.80ns;must_route_to_superseded_archive,N/A
fig-formal-6-1-lif-analogy,formal,superseded,schematic,04_lif_device,Archive the analytic toy waveform formerly used as a LIF analogy,09_paper_thesis_talks/bishe/thesis_v2/figures/fig6-1_lif_analogy.png,dab3b7da120f845199232cfa159dbc3dd6ffe9a19614e6f70806d88b84abc332,09_paper_thesis_talks/bishe/thesis_v2/figures/make_fig6-1_lif_analogy.py,python3 09_paper_thesis_talks/bishe/thesis_v2/figures/make_fig6-1_lif_analogy.py,N/A,N/A,N/A,N/A,N/A,N/A,historical_generator_only,doc-thesis-ch06;doc-progress-hopfion,not_run,N/A,source_locator=doc-thesis-ch06:Fig.6-1;generator_creates_an_analytic_toy_curve_not_simulation_data;phase2_original_design_failed,N/A
fig-formal-6-2-device-concept,formal,unverified,external,04_lif_device,Externally generated composite device concept retained only as an unverified thesis dependency,09_paper_thesis_talks/bishe/thesis_v2/figures/fig6-2_device_concept.png,9afe113277156c6932643e813d498d89b20f3debdf258b1c82923c07d0d9496e,N/A,N/A,N/A,N/A,N/A,N/A,N/A,N/A,embedded_c2pa_source_identity_only,doc-fig6-2-c2pa;doc-thesis-ch06,embedded_c2pa_manifest_review,N/A,source_locator=embedded_C2PA:urn:c2pa:e89989ce-6220-a4bf-9f50-426fa3b795d3;claim_generator=Google_C2PA_Core_Generator_Library;digital_source_type=composite;ingredient_relationship=parentOf;prompt_and_editable_source=unavailable;device_claims_not_verified;must_route_to_historical_archive,N/A
fig-current-ringdown-overlay,current_only,superseded,simulation,03_mechanism_and_theory,Retain the ringdown and driven-spectrum overlay as a diagnostic history only,06_eigenmode_frequency_mechanism/hopfion_eigenmode_ringdown_20260608/figures/ringdown_fft_drive_overlay.png,0ed156e2961506fcd9fe2f6b07de91bb22c08787b01fdbd81c2cd5670a89f2b7,06_eigenmode_frequency_mechanism/hopfion_eigenmode_ringdown_20260608/analysis/analyze_ringdown.py,python3 06_eigenmode_frequency_mechanism/hopfion_eigenmode_ringdown_20260608/analysis/analyze_ringdown.py 06_eigenmode_frequency_mechanism/hopfion_eigenmode_ringdown_20260608/results/ringdown_power_spectra.csv 06_eigenmode_frequency_mechanism/hopfion_eigenmode_ringdown_20260608/results/drive_vs_ringdown_comparison.csv,data-ringdown-power-spectra;data-ringdown-drive-comparison,data-ringdown-table-series,N/A,run-hopfion-ringdown,N/A,init-analytic-axisz-r8r4,historical_only,doc-progress-hopfion,not_run,N/A,source_locator=doc-progress-hopfion:ringdown_20260608;173.66GHz_peak_is_quench_dominated_and_not_a_confirmed_eigenfrequency;must_route_to_superseded_archive,N/A
fig-current-energy-audit-spectrum,current_only,valid,simulation,03_mechanism_and_theory,Report signed background-corrected energy-rate spectra and fit-window sensitivity,06_eigenmode_frequency_mechanism/hopfion_energy_absorption_audit_20260608/figures/energy_absorption_audit_spectrum.png,64efe7dcca377e90b45d5e5215febb6fbf680a158159a127bb80f6ed6dc733c1,95_shared_scripts/handoff_delivery/validate_plot_inputs.py,/usr/bin/python3 95_shared_scripts/handoff_delivery/validate_plot_inputs.py --output shared/redraw_products/03_mechanism_and_theory.csv 06_eigenmode_frequency_mechanism/hopfion_energy_absorption_audit_20260608/results/energy_absorption_audit_records.csv 06_eigenmode_frequency_mechanism/hopfion_energy_absorption_audit_20260608/results/energy_absorption_window_sensitivity.csv,data-energy-audit-records-csv;data-energy-audit-window-sensitivity-csv,data-plane-frequency-sweep-tables;data-centered-background-table,N/A,run-plane-srcx-frequency-sweep;run-plane-srcz-frequency-sweep;run-centered-stability-ku10k,N/A,init-analytic-axisz-r8r4,numeric_product_reproduced,doc-progress-hopfion,numpy.testing.assert_allclose,rtol=0;atol=0,source_locator=doc-progress-hopfion:energy_absorption_audit_20260608;interpret_as_signed_energy_rate_not_net_absorption,data-reference-module03-energy
fig-current-energy-audit-traces,current_only,valid,simulation,03_mechanism_and_theory,Show representative energy traces and declared linear fit windows,06_eigenmode_frequency_mechanism/hopfion_energy_absorption_audit_20260608/figures/energy_trace_fit_examples.png,4a384679e722ba10952479671159bf62f7ab6984e6b815c3a4110141d801105a,06_eigenmode_frequency_mechanism/hopfion_energy_absorption_audit_20260608/analysis/energy_absorption_audit.py,python3 06_eigenmode_frequency_mechanism/hopfion_energy_absorption_audit_20260608/analysis/energy_absorption_audit.py 06_eigenmode_frequency_mechanism/hopfion_energy_absorption_audit_20260608/results/energy_absorption_window_sensitivity.csv,data-energy-audit-window-sensitivity-csv,data-plane-frequency-sweep-tables;data-centered-background-table,N/A,run-plane-srcx-frequency-sweep;run-plane-srcz-frequency-sweep;run-centered-stability-ku10k,N/A,init-analytic-axisz-r8r4,inputs_hash_validated,doc-progress-hopfion,numpy.testing.assert_allclose,rtol=1e-7;atol=1e-10,source_locator=doc-progress-hopfion:energy_absorption_audit_20260608;interpret_as_fit_diagnostic_not_net_absorption,N/A
fig-current-mode-map-deformation-timeseries,current_only,valid,simulation,03_mechanism_and_theory,Report stroboscopic deformation and centroid time series for four driven runs,06_eigenmode_frequency_mechanism/hopfion_mode_map_20260608/figures/deformation_timeseries_overview.png,dd9777049ed96071cfa99b54b6b19fd307e65913df3ba7e75bf7968cc3bb1667,06_eigenmode_frequency_mechanism/hopfion_mode_map_20260608/analysis/mode_map_analysis.py,python3 06_eigenmode_frequency_mechanism/hopfion_mode_map_20260608/analysis/mode_map_analysis.py 06_eigenmode_frequency_mechanism/hopfion_mode_map_20260608/results/deformation_timeseries.csv,data-mode-map-deformation-timeseries-csv,data-ref-mode-map-four-field-series,N/A,run-plane-srcx-200ghz;run-plane-srcx-1000ghz;run-plane-srcz-100ghz;run-plane-srcz-1100ghz,N/A,init-analytic-axisz-r8r4,inputs_hash_validated,doc-progress-hopfion,numpy.testing.assert_allclose,rtol=1e-7;atol=1e-10,source_locator=doc-progress-hopfion:hopfion_mode_map_20260608;stroboscopic_deformation_only;script_root_is_broken_after_directory_migration,N/A
fig-current-mode-map-rms-overview,current_only,valid,simulation,03_mechanism_and_theory,Compare scalar localization summaries for four stroboscopically sampled driven runs,06_eigenmode_frequency_mechanism/hopfion_mode_map_20260608/figures/mode_map_rms_xz_overview.png,94a7eb5f201962019a14d172df44c297e12c3408e6ca12c3b126fa01fc5ec179,06_eigenmode_frequency_mechanism/hopfion_mode_map_20260608/analysis/mode_map_analysis.py,python3 06_eigenmode_frequency_mechanism/hopfion_mode_map_20260608/analysis/mode_map_analysis.py 06_eigenmode_frequency_mechanism/hopfion_mode_map_20260608/results/mode_map_summary.csv,data-mode-map-summary-csv,data-ref-mode-map-four-field-series,N/A,run-plane-srcx-200ghz;run-plane-srcx-1000ghz;run-plane-srcz-100ghz;run-plane-srcz-1100ghz,N/A,init-analytic-axisz-r8r4,inputs_hash_validated,doc-progress-hopfion,numpy.testing.assert_allclose,rtol=1e-7;atol=1e-10,source_locator=doc-progress-hopfion:hopfion_mode_map_20260608;localization_summary_only;not_an_eigenmode_map;script_root_is_broken_after_directory_migration,N/A
fig-current-mode-map-srcx-1000,current_only,valid,simulation,03_mechanism_and_theory,Show stroboscopic deformation projections for the srcX 1000 GHz run,06_eigenmode_frequency_mechanism/hopfion_mode_map_20260608/figures/srcX_1000GHz_deformation_maps.png,7f728f69611790a5e7805d36cfe36b6bed071e99b715b42afb10615142f5df96,06_eigenmode_frequency_mechanism/hopfion_mode_map_20260608/analysis/mode_map_analysis.py,python3 06_eigenmode_frequency_mechanism/hopfion_mode_map_20260608/analysis/mode_map_analysis.py 95_shared_scripts/handoff_delivery/figure_data/mode_map_srcx1000_projections.csv,data-mode-map-srcx1000-projections-npz,data-ref-srcx1000-field-series,N/A,run-plane-srcx-1000ghz,N/A,init-analytic-axisz-r8r4,inputs_hash_validated,doc-progress-hopfion,numpy.testing.assert_allclose,rtol=1e-7;atol=1e-10,source_locator=doc-progress-hopfion:hopfion_mode_map_20260608;stroboscopic_deformation_projection_only;full_fields_are_excluded,N/A
fig-current-mode-map-srcx-200,current_only,valid,simulation,03_mechanism_and_theory,Show stroboscopic deformation projections for the srcX 200 GHz run,06_eigenmode_frequency_mechanism/hopfion_mode_map_20260608/figures/srcX_200GHz_deformation_maps.png,2c12235e962614de750fa5ce399a18b7540a5ce5519e3f57045f756466b798cc,06_eigenmode_frequency_mechanism/hopfion_mode_map_20260608/analysis/mode_map_analysis.py,python3 06_eigenmode_frequency_mechanism/hopfion_mode_map_20260608/analysis/mode_map_analysis.py 95_shared_scripts/handoff_delivery/figure_data/mode_map_srcx200_projections.csv,data-mode-map-srcx200-projections-npz,data-ref-srcx200-field-series,N/A,run-plane-srcx-200ghz,N/A,init-analytic-axisz-r8r4,inputs_hash_validated,doc-progress-hopfion,numpy.testing.assert_allclose,rtol=1e-7;atol=1e-10,source_locator=doc-progress-hopfion:hopfion_mode_map_20260608;stroboscopic_deformation_projection_only;full_fields_are_excluded,N/A
fig-current-mode-map-srcz-100,current_only,valid,simulation,03_mechanism_and_theory,Show stroboscopic deformation projections for the srcZ 100 GHz run,06_eigenmode_frequency_mechanism/hopfion_mode_map_20260608/figures/srcZ_100GHz_deformation_maps.png,dca954a3905c955173e09a236694d834405cc6e147df28e6e6f251150bb28931,06_eigenmode_frequency_mechanism/hopfion_mode_map_20260608/analysis/mode_map_analysis.py,python3 06_eigenmode_frequency_mechanism/hopfion_mode_map_20260608/analysis/mode_map_analysis.py 95_shared_scripts/handoff_delivery/figure_data/mode_map_srcz100_projections.csv,data-mode-map-srcz100-projections-npz,data-ref-srcz100-field-series,N/A,run-plane-srcz-100ghz,N/A,init-analytic-axisz-r8r4,inputs_hash_validated,doc-progress-hopfion,numpy.testing.assert_allclose,rtol=1e-7;atol=1e-10,source_locator=doc-progress-hopfion:hopfion_mode_map_20260608;stroboscopic_deformation_projection_only;full_fields_are_excluded,N/A
fig-current-mode-map-srcz-1100,current_only,valid,simulation,03_mechanism_and_theory,Show stroboscopic deformation projections for the srcZ 1100 GHz run,06_eigenmode_frequency_mechanism/hopfion_mode_map_20260608/figures/srcZ_1100GHz_deformation_maps.png,7c5a537ec17963d28a5d6aed3bf62b316f87f4d19b9fe0a767057543d37ff11c,06_eigenmode_frequency_mechanism/hopfion_mode_map_20260608/analysis/mode_map_analysis.py,python3 06_eigenmode_frequency_mechanism/hopfion_mode_map_20260608/analysis/mode_map_analysis.py 95_shared_scripts/handoff_delivery/figure_data/mode_map_srcz1100_projections.csv,data-mode-map-srcz1100-projections-npz,data-ref-srcz1100-field-series,N/A,run-plane-srcz-1100ghz,N/A,init-analytic-axisz-r8r4,inputs_hash_validated,doc-progress-hopfion,numpy.testing.assert_allclose,rtol=1e-7;atol=1e-10,source_locator=doc-progress-hopfion:hopfion_mode_map_20260608;stroboscopic_deformation_projection_only;full_fields_are_excluded,N/A
fig-current-link-energy-spectrum,current_only,superseded,simulation,03_mechanism_and_theory,Retain the pre-audit energy spectrum only as historical context,06_eigenmode_frequency_mechanism/skyrmion_hopfion_eigenfrequency_link_20260608/figures/energy_absorption_spectrum.png,bc23f6e7f45507af363af2b9b93312abf4c5a48b6adee60e8d76fe01f2259c72,04_frustrated_fm_foundation/20260105_frustrated_fm/spin_wave_dynamics/freq_sweep/plane_wave/analyze_energy_absorption.py,python3 04_frustrated_fm_foundation/20260105_frustrated_fm/spin_wave_dynamics/freq_sweep/plane_wave/analyze_energy_absorption.py 04_frustrated_fm_foundation/20260105_frustrated_fm/spin_wave_dynamics/freq_sweep/plane_wave/energy_absorption/energy_absorption_summary.txt,data-legacy-energy-spectrum,data-plane-frequency-sweep-tables,N/A,run-plane-srcx-frequency-sweep;run-plane-srcz-frequency-sweep,N/A,init-analytic-axisz-r8r4,historical_only,doc-link-figures-readme;doc-progress-hopfion,not_run,N/A,source_locator=doc-link-figures-readme:energy_absorption_spectrum.png;old_energy_slope_interpretation_is_not_net_absorption;must_route_to_superseded_archive,N/A
fig-current-link-frequency-switch,current_only,failed,simulation,03_mechanism_and_theory,Retain the failed frequency-switch trajectory as collapse-risk evidence,06_eigenmode_frequency_mechanism/skyrmion_hopfion_eigenfrequency_link_20260608/figures/freq_switch_v3_z_control.png,64a468d7426d37f722c62373efeb41c2b744737cacae1729938f71919c9e0505,04_frustrated_fm_foundation/20260105_frustrated_fm/spin_wave_dynamics/multisource_control/bidirectional_z/analyze_freq_switch_v3.py,python3 04_frustrated_fm_foundation/20260105_frustrated_fm/spin_wave_dynamics/multisource_control/bidirectional_z/analyze_freq_switch_v3.py 04_frustrated_fm_foundation/20260105_frustrated_fm/spin_wave_dynamics/multisource_control/bidirectional_z/freq_switch_bidirectional_v3.out/table.txt,data-frequency-switch-v3-series,data-frequency-switch-v3-tables,N/A,run-frequency-switch-v3,N/A,init-analytic-axisz-r8r4,historical_only,doc-link-figures-readme;doc-progress-hopfion,not_run,N/A,source_locator=doc-link-figures-readme:freq_switch_v3_z_control.png;trajectory_collapses_near_0.91ns;must_route_to_superseded_archive,N/A
fig-current-link-srcx-displacement,current_only,valid,simulation,03_mechanism_and_theory,Report srcX plane-wave displacement response across sampled frequencies,06_eigenmode_frequency_mechanism/skyrmion_hopfion_eigenfrequency_link_20260608/figures/plane_srcX_displacement_all_freq.png,7012553691e208d6a0d3e07f1dd56fb448b71bec947be0c2d3ea0ad5c27389ae,04_frustrated_fm_foundation/20260105_frustrated_fm/spin_wave_dynamics/freq_sweep/plane_wave/srcX/analyze_motion_modes.py,python3 04_frustrated_fm_foundation/20260105_frustrated_fm/spin_wave_dynamics/freq_sweep/plane_wave/srcX/analyze_motion_modes.py 04_frustrated_fm_foundation/20260105_frustrated_fm/spin_wave_dynamics/freq_sweep/plane_wave/srcX/results/motion_mode_summary.txt,data-srcx-frequency-displacement-summary,data-ref-srcx-frequency-field-series,N/A,run-plane-srcx-frequency-sweep,N/A,init-analytic-axisz-r8r4,inputs_hash_validated,doc-link-figures-readme;doc-progress-hopfion,numpy.testing.assert_allclose,rtol=1e-7;atol=1e-10,source_locator=doc-link-figures-readme:plane_srcX_displacement_all_freq.png;kinematic_response_only,N/A
fig-current-link-srcx-motion-map,current_only,valid,simulation,03_mechanism_and_theory,Report the source script kinematic motion classification across srcX frequencies,06_eigenmode_frequency_mechanism/skyrmion_hopfion_eigenfrequency_link_20260608/figures/plane_srcX_motion_mode_map.png,8b5e7853c2af3fa82d4ca3deff2ae477d57670e63037fa86868b5196cd3510a4,04_frustrated_fm_foundation/20260105_frustrated_fm/spin_wave_dynamics/freq_sweep/plane_wave/srcX/analyze_motion_modes.py,python3 04_frustrated_fm_foundation/20260105_frustrated_fm/spin_wave_dynamics/freq_sweep/plane_wave/srcX/analyze_motion_modes.py 04_frustrated_fm_foundation/20260105_frustrated_fm/spin_wave_dynamics/freq_sweep/plane_wave/srcX/results/motion_mode_summary_05ns.txt,data-srcx-motion-classification-summary,data-ref-srcx-frequency-field-series,N/A,run-plane-srcx-frequency-sweep,N/A,init-analytic-axisz-r8r4,inputs_hash_validated,doc-link-figures-readme;doc-progress-hopfion,numpy.testing.assert_allclose,rtol=1e-7;atol=1e-10,source_locator=doc-link-figures-readme:plane_srcX_motion_mode_map.png;classification_is_kinematic_not_an_eigenmode_identification,N/A
fig-current-link-srcz-direction,current_only,valid,simulation,03_mechanism_and_theory,Report the sign and magnitude of axial response across srcZ frequencies,06_eigenmode_frequency_mechanism/skyrmion_hopfion_eigenfrequency_link_20260608/figures/plane_srcZ_direction_map.png,7b8ba1822ce053585c774bef8688a785d245c7a22854b6dba8f7f9e824f62242,04_frustrated_fm_foundation/20260105_frustrated_fm/spin_wave_dynamics/freq_sweep/plane_wave/srcZ/analyze_srcZ_freq.py,python3 04_frustrated_fm_foundation/20260105_frustrated_fm/spin_wave_dynamics/freq_sweep/plane_wave/srcZ/analyze_srcZ_freq.py 04_frustrated_fm_foundation/20260105_frustrated_fm/spin_wave_dynamics/freq_sweep/plane_wave/srcZ/results/motion_summary_srcZ.txt,data-srcz-direction-summary,data-ref-srcz-frequency-field-series,N/A,run-plane-srcz-frequency-sweep,N/A,init-analytic-axisz-r8r4,inputs_hash_validated,doc-link-figures-readme;doc-progress-hopfion,numpy.testing.assert_allclose,rtol=1e-7;atol=1e-10,source_locator=doc-link-figures-readme:plane_srcZ_direction_map.png;directional_kinematics_only,N/A
fig-current-link-srcz-response,current_only,valid,simulation,03_mechanism_and_theory,Report axial displacement response across sampled srcZ frequencies,06_eigenmode_frequency_mechanism/skyrmion_hopfion_eigenfrequency_link_20260608/figures/plane_srcZ_freq_response_map.png,182f7ac3f9889b44788035b703414b1616ad7b0d4aec1e6623eccef64450d5a8,04_frustrated_fm_foundation/20260105_frustrated_fm/spin_wave_dynamics/freq_sweep/plane_wave/srcZ/analyze_srcZ_freq.py,python3 04_frustrated_fm_foundation/20260105_frustrated_fm/spin_wave_dynamics/freq_sweep/plane_wave/srcZ/analyze_srcZ_freq.py 95_shared_scripts/handoff_delivery/figure_data/srcz_frequency_response_summary.txt,data-srcz-frequency-response-summary,data-ref-srcz-frequency-field-series,N/A,run-plane-srcz-frequency-sweep,N/A,init-analytic-axisz-r8r4,inputs_hash_validated,doc-link-figures-readme;doc-progress-hopfion,numpy.testing.assert_allclose,rtol=1e-7;atol=1e-10,source_locator=doc-link-figures-readme:plane_srcZ_freq_response_map.png;response_window_only;no_eigenfrequency_claim,N/A
fig-current-link-point-response,current_only,valid,simulation,03_mechanism_and_theory,Report point-source displacement response across sampled frequencies,06_eigenmode_frequency_mechanism/skyrmion_hopfion_eigenfrequency_link_20260608/figures/point_source_freq_response.png,9b9d2fb7a8058161e2ae3819c220f45773f2ec9780ee02140e2faa42c3f3ee21,04_frustrated_fm_foundation/20260105_frustrated_fm/spin_wave_dynamics/freq_sweep/point_source/analyze_point_source_freq.py,python3 04_frustrated_fm_foundation/20260105_frustrated_fm/spin_wave_dynamics/freq_sweep/point_source/analyze_point_source_freq.py 04_frustrated_fm_foundation/20260105_frustrated_fm/spin_wave_dynamics/freq_sweep/point_source/results/point_source_summary.txt,data-point-source-frequency-summary,data-point-source-sweep-tables,N/A,run-point-source-frequency-sweep,N/A,init-analytic-axisz-r8r4,inputs_hash_validated,doc-link-figures-readme;doc-progress-hopfion,numpy.testing.assert_allclose,rtol=1e-7;atol=1e-10,source_locator=doc-link-figures-readme:point_source_freq_response.png;response_window_only;no_eigenfrequency_claim,N/A
